experiment_label,laminate_id,defect_type,ply_with_defect_index,defect_width,ply_thickness,ply_width,applied_force,equivalent_stiffness,laminate_rigidity
Laminate_01_Defect_0_at_02_w_0.00,1,0,2,0.0,0.125,5,121.250812,4041.6937333333335,101.04234333333332
Laminate_01_Defect_0_at_02_w_0.20,1,0,2,0.2,0.125,5,121.129614,4037.6538,100.941345
Laminate_01_Defect_0_at_02_w_0.40,1,0,2,0.4,0.125,5,120.8791,4029.303333333333,100.73258333333334
Laminate_01_Defect_0_at_02_w_0.60,1,0,2,0.6000000000000001,0.125,5,120.45651,4015.217,100.380425
Laminate_01_Defect_0_at_02_w_0.80,1,0,2,0.8,0.125,5,119.842679,3994.755966666667,99.86889916666668
Laminate_01_Defect_0_at_02_w_1.00,1,0,2,1.0,0.125,5,119.01968,3967.3226666666665,99.18306666666666
Laminate_01_Defect_0_at_02_w_1.20,1,0,2,1.2000000000000002,0.125,5,117.965652,3932.188400000001,98.30471
Laminate_01_Defect_0_at_02_w_1.40,1,0,2,1.4,0.125,5,116.654846,3888.4948666666655,97.21237166666668
Laminate_01_Defect_0_at_02_w_1.60,1,0,2,1.6,0.125,5,115.054236,3835.1412,95.87853
Laminate_01_Defect_0_at_02_w_1.80,1,0,2,1.8,0.125,5,113.12206299999998,3770.735433333333,94.26838583333333
Laminate_01_Defect_0_at_02_w_2.00,1,0,2,2.0,0.125,5,110.803075,3693.435833333334,92.33589583333334
Laminate_01_Defect_0_at_02_w_2.20,1,0,2,2.2,0.125,5,108.015708,3600.5236000000004,90.01309
Laminate_01_Defect_0_at_03_w_0.00,1,0,3,0.0,0.125,5,121.250812,4041.6937333333335,101.04234333333332
Laminate_01_Defect_0_at_03_w_0.20,1,0,3,0.2,0.125,5,121.245971,4041.5323666666673,101.03830916666668
Laminate_01_Defect_0_at_03_w_0.40,1,0,3,0.4,0.125,5,121.25283,4041.761,101.044025
Laminate_01_Defect_0_at_03_w_0.60,1,0,3,0.6000000000000001,0.125,5,121.267896,4042.2632,101.05658
Laminate_01_Defect_0_at_03_w_0.80,1,0,3,0.8,0.125,5,121.290611,4043.020366666666,101.07550916666666
Laminate_01_Defect_0_at_03_w_1.00,1,0,3,1.0,0.125,5,121.321156,4044.038533333333,101.10096333333334
Laminate_01_Defect_0_at_03_w_1.20,1,0,3,1.2000000000000002,0.125,5,121.35921,4045.307,101.132675
Laminate_01_Defect_0_at_03_w_1.40,1,0,3,1.4,0.125,5,121.40468199999998,4046.822733333333,101.17056833333332
Laminate_01_Defect_0_at_03_w_1.60,1,0,3,1.6,0.125,5,121.45771,4048.5903333333335,101.21475833333334
Laminate_01_Defect_0_at_03_w_1.80,1,0,3,1.8,0.125,5,121.518197,4050.6065666666673,101.26516416666668
Laminate_01_Defect_0_at_03_w_2.00,1,0,3,2.0,0.125,5,121.585731,4052.8577,101.3214425
Laminate_01_Defect_0_at_03_w_2.20,1,0,3,2.2,0.125,5,121.660705,4055.356833333333,101.38392083333332
Laminate_01_Defect_0_at_04_w_0.00,1,0,4,0.0,0.125,5,121.250812,4041.6937333333335,101.04234333333332
Laminate_01_Defect_0_at_04_w_0.20,1,0,4,0.2,0.125,5,121.233913,4041.1304333333337,101.02826083333332
Laminate_01_Defect_0_at_04_w_0.40,1,0,4,0.4,0.125,5,121.249718,4041.6572666666666,101.04143166666664
Laminate_01_Defect_0_at_04_w_0.60,1,0,4,0.6000000000000001,0.125,5,121.287063,4042.9021,101.0725525
Laminate_01_Defect_0_at_04_w_0.80,1,0,4,0.8,0.125,5,121.34510500000002,4044.836833333334,101.12092083333336
Laminate_01_Defect_0_at_04_w_1.00,1,0,4,1.0,0.125,5,121.423259,4047.4419666666654,101.18604916666666
Laminate_01_Defect_0_at_04_w_1.20,1,0,4,1.2000000000000002,0.125,5,121.521392,4050.713066666666,101.26782666666666
Laminate_01_Defect_0_at_04_w_1.40,1,0,4,1.4,0.125,5,121.638996,4054.6332,101.36583
Laminate_01_Defect_0_at_04_w_1.60,1,0,4,1.6,0.125,5,121.776114,4059.2038,101.480095
Laminate_01_Defect_0_at_04_w_1.80,1,0,4,1.8,0.125,5,121.93183000000002,4064.394333333334,101.60985833333336
Laminate_01_Defect_0_at_04_w_2.00,1,0,4,2.0,0.125,5,122.106705,4070.2235,101.7555875
Laminate_01_Defect_0_at_04_w_2.20,1,0,4,2.2,0.125,5,122.300525,4076.6841666666655,101.91710416666666
Laminate_01_Defect_0_at_05_w_0.00,1,0,5,0.0,0.125,5,121.250812,4041.6937333333335,101.04234333333332
Laminate_01_Defect_0_at_05_w_0.20,1,0,5,0.2,0.125,5,121.18711799999998,4039.5706,100.989265
Laminate_01_Defect_0_at_05_w_0.40,1,0,5,0.4,0.125,5,121.193937,4039.797900000001,100.9949475
Laminate_01_Defect_0_at_05_w_0.60,1,0,5,0.6000000000000001,0.125,5,121.239882,4041.3294,101.033235
Laminate_01_Defect_0_at_05_w_0.80,1,0,5,0.8,0.125,5,121.321642,4044.054733333333,101.10136833333334
Laminate_01_Defect_0_at_05_w_1.00,1,0,5,1.0,0.125,5,121.438416,4047.9472,101.19868
Laminate_01_Defect_0_at_05_w_1.20,1,0,5,1.2000000000000002,0.125,5,121.589353,4052.978433333333,101.32446083333332
Laminate_01_Defect_0_at_05_w_1.40,1,0,5,1.4,0.125,5,121.773177,4059.105900000001,101.4776475
Laminate_01_Defect_0_at_05_w_1.60,1,0,5,1.6,0.125,5,121.988927,4066.297566666667,101.65743916666668
Laminate_01_Defect_0_at_05_w_1.80,1,0,5,1.8,0.125,5,122.236099,4074.536633333333,101.86341583333332
Laminate_01_Defect_0_at_05_w_2.00,1,0,5,2.0,0.125,5,122.514694,4083.823133333333,102.09557833333334
Laminate_01_Defect_0_at_05_w_2.20,1,0,5,2.2,0.125,5,122.824034,4094.134466666667,102.35336166666669
Laminate_01_Defect_0_at_06_w_0.00,1,0,6,0.0,0.125,5,121.250812,4041.6937333333335,101.04234333333332
Laminate_01_Defect_0_at_06_w_0.20,1,0,6,0.2,0.125,5,121.033945,4034.464833333333,100.86162083333332
Laminate_01_Defect_0_at_06_w_0.40,1,0,6,0.4,0.125,5,120.972022,4032.400733333334,100.81001833333336
Laminate_01_Defect_0_at_06_w_0.60,1,0,6,0.6000000000000001,0.125,5,120.972561,4032.4187,100.8104675
Laminate_01_Defect_0_at_06_w_0.80,1,0,6,0.8,0.125,5,121.026307,4034.2102333333337,100.85525583333336
Laminate_01_Defect_0_at_06_w_1.00,1,0,6,1.0,0.125,5,121.131149,4037.704966666666,100.94262416666666
Laminate_01_Defect_0_at_06_w_1.20,1,0,6,1.2000000000000002,0.125,5,121.283881,4042.7960333333335,101.06990083333336
Laminate_01_Defect_0_at_06_w_1.40,1,0,6,1.4,0.125,5,121.481546,4049.3848666666654,101.23462166666668
Laminate_01_Defect_0_at_06_w_1.60,1,0,6,1.6,0.125,5,121.721484,4057.3828,101.43457
Laminate_01_Defect_0_at_06_w_1.80,1,0,6,1.8,0.125,5,122.002058,4066.735266666667,101.66838166666668
Laminate_01_Defect_0_at_06_w_2.00,1,0,6,2.0,0.125,5,122.32239899999998,4077.4132999999993,101.9353325
Laminate_01_Defect_0_at_06_w_2.20,1,0,6,2.2,0.125,5,122.68165,4089.388333333334,102.23470833333334
Laminate_01_Defect_0_at_07_w_0.00,1,0,7,0.0,0.125,5,121.250812,4041.6937333333335,101.04234333333332
Laminate_01_Defect_0_at_07_w_0.20,1,0,7,0.2,0.125,5,121.124072,4037.4690666666665,100.93672666666669
Laminate_01_Defect_0_at_07_w_0.40,1,0,7,0.4,0.125,5,120.841977,4028.065900000001,100.70164750000002
Laminate_01_Defect_0_at_07_w_0.60,1,0,7,0.6000000000000001,0.125,5,120.357439,4011.914633333333,100.29786583333332
Laminate_01_Defect_0_at_07_w_0.80,1,0,7,0.8,0.125,5,119.641178,3988.039266666666,99.70098166666666
Laminate_01_Defect_0_at_07_w_1.00,1,0,7,1.0,0.125,5,118.661646,3955.3882,98.884705
Laminate_01_Defect_0_at_07_w_1.20,1,0,7,1.2000000000000002,0.125,5,117.384893,3912.829766666666,97.82074416666666
Laminate_01_Defect_0_at_07_w_1.40,1,0,7,1.4,0.125,5,115.77542,3859.180666666666,96.47951666666668
Laminate_01_Defect_0_at_07_w_1.60,1,0,7,1.6,0.125,5,113.795536,3793.1845333333335,94.82961333333334
Laminate_01_Defect_0_at_07_w_1.80,1,0,7,1.8,0.125,5,111.403905,3713.4635,92.8365875
Laminate_01_Defect_0_at_07_w_2.00,1,0,7,2.0,0.125,5,108.552914,3618.430466666666,90.46076166666668
Laminate_01_Defect_0_at_07_w_2.20,1,0,7,2.2,0.125,5,105.180978,3506.0326,87.650815
Laminate_02_Defect_0_at_02_w_0.00,2,0,2,0.0,0.125,5,331.046762,5517.446033333334,275.87230166666666
Laminate_02_Defect_0_at_02_w_0.20,2,0,2,0.2,0.125,5,330.91138,5515.189666666667,275.7594833333334
Laminate_02_Defect_0_at_02_w_0.40,2,0,2,0.4,0.125,5,330.67836700000004,5511.306116666668,275.5653058333333
Laminate_02_Defect_0_at_02_w_0.60,2,0,2,0.6000000000000001,0.125,5,330.298188,5504.9698,275.24849
Laminate_02_Defect_0_at_02_w_0.80,2,0,2,0.8,0.125,5,329.756486,5495.941433333333,274.7970716666667
Laminate_02_Defect_0_at_02_w_1.00,2,0,2,1.0,0.125,5,329.042198,5484.036633333333,274.2018316666667
Laminate_02_Defect_0_at_02_w_1.20,2,0,2,1.2000000000000002,0.125,5,328.141378,5469.022966666666,273.4511483333333
Laminate_02_Defect_0_at_02_w_1.40,2,0,2,1.4,0.125,5,327.037279,5450.621316666666,272.5310658333333
Laminate_02_Defect_0_at_02_w_1.60,2,0,2,1.6,0.125,5,325.710514,5428.508566666666,271.42542833333334
Laminate_02_Defect_0_at_02_w_1.80,2,0,2,1.8,0.125,5,324.135985,5402.266416666667,270.1133208333334
Laminate_02_Defect_0_at_02_w_2.00,2,0,2,2.0,0.125,5,322.284023,5371.400383333334,268.57001916666667
Laminate_02_Defect_0_at_02_w_2.20,2,0,2,2.2,0.125,5,320.111972,5335.199533333333,266.75997666666666
Laminate_02_Defect_0_at_03_w_0.00,2,0,3,0.0,0.125,5,331.046762,5517.446033333334,275.87230166666666
Laminate_02_Defect_0_at_03_w_0.20,2,0,3,0.2,0.125,5,330.98796100000004,5516.466016666667,275.8233008333334
Laminate_02_Defect_0_at_03_w_0.40,2,0,3,0.4,0.125,5,331.0141320000001,5516.902200000001,275.8451100000001
Laminate_02_Defect_0_at_03_w_0.60,2,0,3,0.6000000000000001,0.125,5,331.0902469999999,5518.170783333332,275.9085391666666
Laminate_02_Defect_0_at_03_w_0.80,2,0,3,0.8,0.125,5,331.21100399999995,5520.183399999999,276.00917
Laminate_02_Defect_0_at_03_w_1.00,2,0,3,1.0,0.125,5,331.374252,5522.904200000001,276.14521
Laminate_02_Defect_0_at_03_w_1.20,2,0,3,1.2000000000000002,0.125,5,331.58025000000004,5526.337500000001,276.31687500000004
Laminate_02_Defect_0_at_03_w_1.40,2,0,3,1.4,0.125,5,331.82813600000003,5530.468933333335,276.5234466666667
Laminate_02_Defect_0_at_03_w_1.60,2,0,3,1.6,0.125,5,332.117562,5535.2927,276.764635
Laminate_02_Defect_0_at_03_w_1.80,2,0,3,1.8,0.125,5,332.448929,5540.815483333334,277.0407741666667
Laminate_02_Defect_0_at_03_w_2.00,2,0,3,2.0,0.125,5,332.821477,5547.024616666667,277.3512308333333
Laminate_02_Defect_0_at_03_w_2.20,2,0,3,2.2,0.125,5,333.235388,5553.923133333334,277.6961566666667
Laminate_02_Defect_0_at_04_w_0.00,2,0,4,0.0,0.125,5,331.046762,5517.446033333334,275.87230166666666
Laminate_02_Defect_0_at_04_w_0.20,2,0,4,0.2,0.125,5,330.84505400000006,5514.084233333335,275.7042116666667
Laminate_02_Defect_0_at_04_w_0.40,2,0,4,0.4,0.125,5,330.845746,5514.095766666666,275.70478833333334
Laminate_02_Defect_0_at_04_w_0.60,2,0,4,0.6000000000000001,0.125,5,330.944466,5515.7411,275.787055
Laminate_02_Defect_0_at_04_w_0.80,2,0,4,0.8,0.125,5,331.124765,5518.746083333334,275.9373041666667
Laminate_02_Defect_0_at_04_w_1.00,2,0,4,1.0,0.125,5,331.381866,5523.0311,276.15155500000003
Laminate_02_Defect_0_at_04_w_1.20,2,0,4,1.2000000000000002,0.125,5,331.71249800000004,5528.541633333334,276.4270816666667
Laminate_02_Defect_0_at_04_w_1.40,2,0,4,1.4,0.125,5,332.11601900000005,5535.266983333335,276.7633491666667
Laminate_02_Defect_0_at_04_w_1.60,2,0,4,1.6,0.125,5,332.591357,5543.189283333333,277.1594641666666
Laminate_02_Defect_0_at_04_w_1.80,2,0,4,1.8,0.125,5,333.137263,5552.287716666668,277.61438583333336
Laminate_02_Defect_0_at_04_w_2.00,2,0,4,2.0,0.125,5,333.75342100000006,5562.557016666668,278.1278508333334
Laminate_02_Defect_0_at_04_w_2.20,2,0,4,2.2,0.125,5,334.44043,5574.007166666666,278.7003583333333
Laminate_02_Defect_0_at_05_w_0.00,2,0,5,0.0,0.125,5,331.046762,5517.446033333334,275.87230166666666
Laminate_02_Defect_0_at_05_w_0.20,2,0,5,0.2,0.125,5,330.863143,5514.385716666667,275.71928583333334
Laminate_02_Defect_0_at_05_w_0.40,2,0,5,0.4,0.125,5,330.630808,5510.513466666667,275.5256733333334
Laminate_02_Defect_0_at_05_w_0.60,2,0,5,0.6000000000000001,0.125,5,330.285147,5504.75245,275.2376225
Laminate_02_Defect_0_at_05_w_0.80,2,0,5,0.8,0.125,5,329.806144,5496.769066666666,274.8384533333333
Laminate_02_Defect_0_at_05_w_1.00,2,0,5,1.0,0.125,5,329.182967,5486.382783333333,274.3191391666667
Laminate_02_Defect_0_at_05_w_1.20,2,0,5,1.2000000000000002,0.125,5,328.40818400000006,5473.469733333334,273.67348666666675
Laminate_02_Defect_0_at_05_w_1.40,2,0,5,1.4,0.125,5,327.477457,5457.957616666668,272.8978808333334
Laminate_02_Defect_0_at_05_w_1.60,2,0,5,1.6,0.125,5,326.38621199999994,5439.770199999999,271.98851
Laminate_02_Defect_0_at_05_w_1.80,2,0,5,1.8,0.125,5,325.13098599999995,5418.849766666666,270.9424883333333
Laminate_02_Defect_0_at_05_w_2.00,2,0,5,2.0,0.125,5,323.70929400000006,5395.154900000001,269.75774500000006
Laminate_02_Defect_0_at_05_w_2.20,2,0,5,2.2,0.125,5,322.11454100000003,5368.575683333334,268.4287841666668
Laminate_02_Defect_0_at_06_w_0.00,2,0,6,0.0,0.125,5,331.046762,5517.446033333334,275.87230166666666
Laminate_02_Defect_0_at_06_w_0.20,2,0,6,0.2,0.125,5,330.834206,5513.903433333334,275.6951716666667
Laminate_02_Defect_0_at_06_w_0.40,2,0,6,0.4,0.125,5,330.82427199999995,5513.737866666666,275.68689333333333
Laminate_02_Defect_0_at_06_w_0.60,2,0,6,0.6000000000000001,0.125,5,330.913919,5515.231983333334,275.7615991666667
Laminate_02_Defect_0_at_06_w_0.80,2,0,6,0.8,0.125,5,331.077011,5517.950183333334,275.8975091666667
Laminate_02_Defect_0_at_06_w_1.00,2,0,6,1.0,0.125,5,331.30668799999995,5521.778133333332,276.0889066666666
Laminate_02_Defect_0_at_06_w_1.20,2,0,6,1.2000000000000002,0.125,5,331.59931499999993,5526.655249999999,276.33276249999994
Laminate_02_Defect_0_at_06_w_1.40,2,0,6,1.4,0.125,5,331.95370999999994,5532.561833333332,276.62809166666665
Laminate_02_Defect_0_at_06_w_1.60,2,0,6,1.6,0.125,5,332.368776,5539.479600000001,276.97398000000004
Laminate_02_Defect_0_at_06_w_1.80,2,0,6,1.8,0.125,5,332.844667,5547.411116666667,277.37055583333336
Laminate_02_Defect_0_at_06_w_2.00,2,0,6,2.0,0.125,5,333.380022,5556.3337,277.816685
Laminate_02_Defect_0_at_06_w_2.20,2,0,6,2.2,0.125,5,333.97625000000005,5566.270833333334,278.3135416666667
Laminate_02_Defect_0_at_07_w_0.00,2,0,7,0.0,0.125,5,331.046762,5517.446033333334,275.87230166666666
Laminate_02_Defect_0_at_07_w_0.20,2,0,7,0.2,0.125,5,330.910281,5515.1713500000005,275.7585675
Laminate_02_Defect_0_at_07_w_0.40,2,0,7,0.4,0.125,5,330.686859,5511.447650000001,275.57238250000006
Laminate_02_Defect_0_at_07_w_0.60,2,0,7,0.6000000000000001,0.125,5,330.325802,5505.430033333334,275.27150166666667
Laminate_02_Defect_0_at_07_w_0.80,2,0,7,0.8,0.125,5,329.810847,5496.84745,274.8423725
Laminate_02_Defect_0_at_07_w_1.00,2,0,7,1.0,0.125,5,329.132377,5485.539616666666,274.2769808333333
Laminate_02_Defect_0_at_07_w_1.20,2,0,7,1.2000000000000002,0.125,5,328.283888,5471.398133333333,273.56990666666667
Laminate_02_Defect_0_at_07_w_1.40,2,0,7,1.4,0.125,5,327.259839,5454.33065,272.7165325
Laminate_02_Defect_0_at_07_w_1.60,2,0,7,1.6,0.125,5,326.056214,5434.270233333334,271.7135116666667
Laminate_02_Defect_0_at_07_w_1.80,2,0,7,1.8,0.125,5,324.66834199999994,5411.139033333333,270.55695166666663
Laminate_02_Defect_0_at_07_w_2.00,2,0,7,2.0,0.125,5,323.094823,5384.913716666666,269.2456858333333
Laminate_02_Defect_0_at_07_w_2.20,2,0,7,2.2,0.125,5,321.330953,5355.515883333333,267.7757941666666
Laminate_02_Defect_0_at_08_w_0.00,2,0,8,0.0,0.125,5,331.046762,5517.446033333334,275.87230166666666
Laminate_02_Defect_0_at_08_w_0.20,2,0,8,0.2,0.125,5,330.98071500000003,5516.34525,275.8172625
Laminate_02_Defect_0_at_08_w_0.40,2,0,8,0.4,0.125,5,331.005149,5516.752483333334,275.83762416666667
Laminate_02_Defect_0_at_08_w_0.60,2,0,8,0.6000000000000001,0.125,5,331.084905,5518.08175,275.9040875
Laminate_02_Defect_0_at_08_w_0.80,2,0,8,0.8,0.125,5,331.21144100000004,5520.190683333334,276.0095341666667
Laminate_02_Defect_0_at_08_w_1.00,2,0,8,1.0,0.125,5,331.382251,5523.037516666667,276.1518758333333
Laminate_02_Defect_0_at_08_w_1.20,2,0,8,1.2000000000000002,0.125,5,331.59648300000003,5526.608050000001,276.33040250000005
Laminate_02_Defect_0_at_08_w_1.40,2,0,8,1.4,0.125,5,331.85330500000003,5530.888416666668,276.5444208333334
Laminate_02_Defect_0_at_08_w_1.60,2,0,8,1.6,0.125,5,332.152333,5535.872216666667,276.79361083333333
Laminate_02_Defect_0_at_08_w_1.80,2,0,8,1.8,0.125,5,332.49385799999993,5541.564299999999,277.07821499999994
Laminate_02_Defect_0_at_08_w_2.00,2,0,8,2.0,0.125,5,332.877856,5547.964266666667,277.39821333333333
Laminate_02_Defect_0_at_08_w_2.20,2,0,8,2.2,0.125,5,333.303859,5555.064316666667,277.75321583333334
Laminate_02_Defect_0_at_09_w_0.00,2,0,9,0.0,0.125,5,331.046762,5517.446033333334,275.87230166666666
Laminate_02_Defect_0_at_09_w_0.20,2,0,9,0.2,0.125,5,330.818373,5513.639550000001,275.6819775
Laminate_02_Defect_0_at_09_w_0.40,2,0,9,0.4,0.125,5,330.79668300000003,5513.278050000001,275.66390250000006
Laminate_02_Defect_0_at_09_w_0.60,2,0,9,0.6000000000000001,0.125,5,330.87871899999993,5514.645316666666,275.7322658333333
Laminate_02_Defect_0_at_09_w_0.80,2,0,9,0.8,0.125,5,331.042387,5517.373116666667,275.8686558333333
Laminate_02_Defect_0_at_09_w_1.00,2,0,9,1.0,0.125,5,331.279639,5521.327316666667,276.0663658333333
Laminate_02_Defect_0_at_09_w_1.20,2,0,9,1.2000000000000002,0.125,5,331.58676599999995,5526.446099999999,276.322305
Laminate_02_Defect_0_at_09_w_1.40,2,0,9,1.4,0.125,5,331.961789,5532.696483333334,276.6348241666667
Laminate_02_Defect_0_at_09_w_1.60,2,0,9,1.6,0.125,5,332.40407700000003,5540.067950000001,277.00339750000006
Laminate_02_Defect_0_at_09_w_1.80,2,0,9,1.8,0.125,5,332.91255399999994,5548.542566666666,277.4271283333333
Laminate_02_Defect_0_at_09_w_2.00,2,0,9,2.0,0.125,5,333.487803,5558.130049999999,277.9065025
Laminate_02_Defect_0_at_09_w_2.20,2,0,9,2.2,0.125,5,334.12996100000004,5568.832683333334,278.4416341666667
Laminate_02_Defect_0_at_10_w_0.00,2,0,10,0.0,0.125,5,331.046762,5517.446033333334,275.87230166666666
Laminate_02_Defect_0_at_10_w_0.20,2,0,10,0.2,0.125,5,330.865597,5514.426616666667,275.7213308333333
Laminate_02_Defect_0_at_10_w_0.40,2,0,10,0.4,0.125,5,330.629308,5510.488466666667,275.52442333333335
Laminate_02_Defect_0_at_10_w_0.60,2,0,10,0.6000000000000001,0.125,5,330.27256,5504.542666666667,275.22713333333337
Laminate_02_Defect_0_at_10_w_0.80,2,0,10,0.8,0.125,5,329.779784,5496.329733333334,274.81648666666666
Laminate_02_Defect_0_at_10_w_1.00,2,0,10,1.0,0.125,5,329.142171,5485.70285,274.2851425
Laminate_02_Defect_0_at_10_w_1.20,2,0,10,1.2000000000000002,0.125,5,328.353162,5472.5527,273.627635
Laminate_02_Defect_0_at_10_w_1.40,2,0,10,1.4,0.125,5,327.407644,5456.794066666667,272.8397033333334
Laminate_02_Defect_0_at_10_w_1.60,2,0,10,1.6,0.125,5,326.30111,5438.351833333333,271.9175916666667
Laminate_02_Defect_0_at_10_w_1.80,2,0,10,1.8,0.125,5,325.03016,5417.169333333334,270.8584666666667
Laminate_02_Defect_0_at_10_w_2.00,2,0,10,2.0,0.125,5,323.591203,5393.186716666667,269.65933583333333
Laminate_02_Defect_0_at_10_w_2.20,2,0,10,2.2,0.125,5,321.97938099999993,5366.323016666665,268.31615083333327
Laminate_02_Defect_0_at_11_w_0.00,2,0,11,0.0,0.125,5,331.046762,5517.446033333334,275.87230166666666
Laminate_02_Defect_0_at_11_w_0.20,2,0,11,0.2,0.125,5,330.846865,5514.114416666666,275.7057208333333
Laminate_02_Defect_0_at_11_w_0.40,2,0,11,0.4,0.125,5,330.83711000000005,5513.951833333334,275.6975916666667
Laminate_02_Defect_0_at_11_w_0.60,2,0,11,0.6000000000000001,0.125,5,330.90574999999995,5515.095833333333,275.7547916666666
Laminate_02_Defect_0_at_11_w_0.80,2,0,11,0.8,0.125,5,331.034532,5517.242200000001,275.86211000000003
Laminate_02_Defect_0_at_11_w_1.00,2,0,11,1.0,0.125,5,331.221496,5520.358266666667,276.0179133333333
Laminate_02_Defect_0_at_11_w_1.20,2,0,11,1.2000000000000002,0.125,5,331.465717,5524.428616666667,276.22143083333333
Laminate_02_Defect_0_at_11_w_1.40,2,0,11,1.4,0.125,5,331.76740399999994,5529.4567333333325,276.47283666666664
Laminate_02_Defect_0_at_11_w_1.60,2,0,11,1.6,0.125,5,332.127351,5535.455849999999,276.7727925
Laminate_02_Defect_0_at_11_w_1.80,2,0,11,1.8,0.125,5,332.54542100000003,5542.423683333334,277.1211841666667
Laminate_02_Defect_0_at_11_w_2.00,2,0,11,2.0,0.125,5,333.021657,5550.36095,277.5180475
Laminate_02_Defect_0_at_11_w_2.20,2,0,11,2.2,0.125,5,333.556518,5559.2753,277.963765
Laminate_02_Defect_0_at_12_w_0.00,2,0,12,0.0,0.125,5,331.046762,5517.446033333334,275.87230166666666
Laminate_02_Defect_0_at_12_w_0.20,2,0,12,0.2,0.125,5,330.913784,5515.229733333333,275.76148666666666
Laminate_02_Defect_0_at_12_w_0.40,2,0,12,0.4,0.125,5,330.668439,5511.14065,275.5570325
Laminate_02_Defect_0_at_12_w_0.60,2,0,12,0.6000000000000001,0.125,5,330.2659,5504.431666666666,275.22158333333334
Laminate_02_Defect_0_at_12_w_0.80,2,0,12,0.8,0.125,5,329.69448399999993,5494.908066666666,274.7454033333333
Laminate_02_Defect_0_at_12_w_1.00,2,0,12,1.0,0.125,5,328.946247,5482.437449999999,274.1218725
Laminate_02_Defect_0_at_12_w_1.20,2,0,12,1.2000000000000002,0.125,5,328.013262,5466.8877,273.344385
Laminate_02_Defect_0_at_12_w_1.40,2,0,12,1.4,0.125,5,326.8899,5448.165,272.40825
Laminate_02_Defect_0_at_12_w_1.60,2,0,12,1.6,0.125,5,325.570686,5426.178100000001,271.30890500000004
Laminate_02_Defect_0_at_12_w_1.80,2,0,12,1.8,0.125,5,324.049769,5400.829483333334,270.0414741666667
Laminate_02_Defect_0_at_12_w_2.00,2,0,12,2.0,0.125,5,322.323364,5372.056066666666,268.6028033333333
Laminate_02_Defect_0_at_12_w_2.20,2,0,12,2.2,0.125,5,320.38536100000005,5339.756016666668,266.9878008333334
Laminate_02_Defect_0_at_13_w_0.00,2,0,13,0.0,0.125,5,331.046762,5517.446033333334,275.87230166666666
Laminate_02_Defect_0_at_13_w_0.20,2,0,13,0.2,0.125,5,330.98291800000004,5516.381966666668,275.8190983333334
Laminate_02_Defect_0_at_13_w_0.40,2,0,13,0.4,0.125,5,330.989299,5516.488316666667,275.8244158333334
Laminate_02_Defect_0_at_13_w_0.60,2,0,13,0.6000000000000001,0.125,5,331.03496700000005,5517.249450000001,275.8624725000001
Laminate_02_Defect_0_at_13_w_0.80,2,0,13,0.8,0.125,5,331.117408,5518.623466666667,275.93117333333333
Laminate_02_Defect_0_at_13_w_1.00,2,0,13,1.0,0.125,5,331.23717100000005,5520.619516666668,276.0309758333334
Laminate_02_Defect_0_at_13_w_1.20,2,0,13,1.2000000000000002,0.125,5,331.393173,5523.21955,276.1609775
Laminate_02_Defect_0_at_13_w_1.40,2,0,13,1.4,0.125,5,331.584709,5526.411816666667,276.3205908333333
Laminate_02_Defect_0_at_13_w_1.60,2,0,13,1.6,0.125,5,331.810419,5530.173650000001,276.5086825
Laminate_02_Defect_0_at_13_w_1.80,2,0,13,1.8,0.125,5,332.069831,5534.497183333333,276.72485916666665
Laminate_02_Defect_0_at_13_w_2.00,2,0,13,2.0,0.125,5,332.36283000000003,5539.380500000001,276.96902500000004
Laminate_02_Defect_0_at_13_w_2.20,2,0,13,2.2,0.125,5,332.688534,5544.8089,277.240445
Laminate_02_Defect_0_at_14_w_0.00,2,0,14,0.0,0.125,5,331.046762,5517.446033333334,275.87230166666666
Laminate_02_Defect_0_at_14_w_0.20,2,0,14,0.2,0.125,5,330.829902,5513.831700000001,275.69158500000003
Laminate_02_Defect_0_at_14_w_0.40,2,0,14,0.4,0.125,5,330.766599,5512.77665,275.6388325
Laminate_02_Defect_0_at_14_w_0.60,2,0,14,0.6000000000000001,0.125,5,330.765886,5512.764766666667,275.6382383333334
Laminate_02_Defect_0_at_14_w_0.80,2,0,14,0.8,0.125,5,330.82144,5513.690666666666,275.6845333333333
Laminate_02_Defect_0_at_14_w_1.00,2,0,14,1.0,0.125,5,330.9348569999999,5515.580949999999,275.77904749999993
Laminate_02_Defect_0_at_14_w_1.20,2,0,14,1.2000000000000002,0.125,5,331.104363,5518.40605,275.9203025
Laminate_02_Defect_0_at_14_w_1.40,2,0,14,1.4,0.125,5,331.327101,5522.118350000001,276.10591750000003
Laminate_02_Defect_0_at_14_w_1.60,2,0,14,1.6,0.125,5,331.601384,5526.689733333334,276.3344866666667
Laminate_02_Defect_0_at_14_w_1.80,2,0,14,1.8,0.125,5,331.925135,5532.0855833333335,276.6042791666667
Laminate_02_Defect_0_at_14_w_2.00,2,0,14,2.0,0.125,5,332.296891,5538.281516666667,276.91407583333336
Laminate_02_Defect_0_at_14_w_2.20,2,0,14,2.2,0.125,5,332.715914,5545.2652333333335,277.26326166666666
Laminate_02_Defect_0_at_15_w_0.00,2,0,15,0.0,0.125,5,331.046762,5517.446033333334,275.87230166666666
Laminate_02_Defect_0_at_15_w_0.20,2,0,15,0.2,0.125,5,330.919932,5515.3322,275.76661
Laminate_02_Defect_0_at_15_w_0.40,2,0,15,0.4,0.125,5,330.63901400000003,5510.650233333334,275.5325116666667
Laminate_02_Defect_0_at_15_w_0.60,2,0,15,0.6000000000000001,0.125,5,330.160415,5502.673583333333,275.1336791666667
Laminate_02_Defect_0_at_15_w_0.80,2,0,15,0.8,0.125,5,329.460425,5491.007083333333,274.5503541666667
Laminate_02_Defect_0_at_15_w_1.00,2,0,15,1.0,0.125,5,328.517382,5475.2897,273.76448500000004
Laminate_02_Defect_0_at_15_w_1.20,2,0,15,1.2000000000000002,0.125,5,327.308493,5455.14155,272.75707750000004
Laminate_02_Defect_0_at_15_w_1.40,2,0,15,1.4,0.125,5,325.811786,5430.1964333333335,271.50982166666665
Laminate_02_Defect_0_at_15_w_1.60,2,0,15,1.6,0.125,5,324.00565299999994,5400.0942166666655,270.0047108333333
Laminate_02_Defect_0_at_15_w_1.80,2,0,15,1.8,0.125,5,321.86771100000004,5364.461850000001,268.22309250000006
Laminate_02_Defect_0_at_15_w_2.00,2,0,15,2.0,0.125,5,319.373396,5322.889933333334,266.14449666666667
Laminate_02_Defect_0_at_15_w_2.20,2,0,15,2.2,0.125,5,316.492464,5274.8744,263.74372
Laminate_03_Defect_0_at_02_w_0.00,3,0,2,0.0,0.125,5,235.57164200000005,4487.078895238095,196.30970166666668
Laminate_03_Defect_0_at_02_w_0.20,3,0,2,0.2,0.125,5,235.448257,4484.728704761905,196.2068808333333
Laminate_03_Defect_0_at_02_w_0.40,3,0,2,0.4,0.125,5,235.207768,4480.147961904763,196.00647333333336
Laminate_03_Defect_0_at_02_w_0.60,3,0,2,0.6000000000000001,0.125,5,234.805729,4472.490076190476,195.6714408333333
Laminate_03_Defect_0_at_02_w_0.80,3,0,2,0.8,0.125,5,234.224288,4461.415009523809,195.1869066666667
Laminate_03_Defect_0_at_02_w_1.00,3,0,2,1.0,0.125,5,233.44822900000003,4446.632933333333,194.54019083333336
Laminate_03_Defect_0_at_02_w_1.20,3,0,2,1.2000000000000002,0.125,5,232.459954,4427.808647619047,193.7166283333333
Laminate_03_Defect_0_at_02_w_1.40,3,0,2,1.4,0.125,5,231.239432,4404.56060952381,192.69952666666669
Laminate_03_Defect_0_at_02_w_1.60,3,0,2,1.6,0.125,5,229.761704,4376.4134095238105,191.4680866666667
Laminate_03_Defect_0_at_02_w_1.80,3,0,2,1.8,0.125,5,227.997098,4342.801866666668,189.9975816666667
Laminate_03_Defect_0_at_02_w_2.00,3,0,2,2.0,0.125,5,225.907356,4302.997257142856,188.25613
Laminate_03_Defect_0_at_02_w_2.20,3,0,2,2.2,0.125,5,223.439422,4255.98899047619,186.1995183333333
Laminate_03_Defect_0_at_03_w_0.00,3,0,3,0.0,0.125,5,235.57164200000005,4487.078895238095,196.30970166666668
Laminate_03_Defect_0_at_03_w_0.20,3,0,3,0.2,0.125,5,235.554846,4486.758971428571,196.295705
Laminate_03_Defect_0_at_03_w_0.40,3,0,3,0.4,0.125,5,235.576074,4487.1633142857145,196.313395
Laminate_03_Defect_0_at_03_w_0.60,3,0,3,0.6000000000000001,0.125,5,235.622072,4488.039466666667,196.35172666666668
Laminate_03_Defect_0_at_03_w_0.80,3,0,3,0.8,0.125,5,235.689922,4489.331847619047,196.40826833333333
Laminate_03_Defect_0_at_03_w_1.00,3,0,3,1.0,0.125,5,235.778417,4491.017466666666,196.48201416666663
Laminate_03_Defect_0_at_03_w_1.20,3,0,3,1.2000000000000002,0.125,5,235.887411,4493.093542857143,196.5728425
Laminate_03_Defect_0_at_03_w_1.40,3,0,3,1.4,0.125,5,236.016698,4495.556152380953,196.68058166666668
Laminate_03_Defect_0_at_03_w_1.60,3,0,3,1.6,0.125,5,236.166781,4498.414876190477,196.8056508333333
Laminate_03_Defect_0_at_03_w_1.80,3,0,3,1.8,0.125,5,236.33648600000004,4501.647352380953,196.94707166666672
Laminate_03_Defect_0_at_03_w_2.00,3,0,3,2.0,0.125,5,236.52712600000004,4505.278590476191,197.10593833333337
Laminate_03_Defect_0_at_03_w_2.20,3,0,3,2.2,0.125,5,236.738006,4509.295352380952,197.28167166666668
Laminate_03_Defect_0_at_04_w_0.00,3,0,4,0.0,0.125,5,235.57164200000005,4487.078895238095,196.30970166666668
Laminate_03_Defect_0_at_04_w_0.20,3,0,4,0.2,0.125,5,235.511157,4485.926799999999,196.2592975
Laminate_03_Defect_0_at_04_w_0.40,3,0,4,0.4,0.125,5,235.54133,4486.501523809525,196.28444166666668
Laminate_03_Defect_0_at_04_w_0.60,3,0,4,0.6000000000000001,0.125,5,235.62574,4488.109333333333,196.35478333333333
Laminate_03_Defect_0_at_04_w_0.80,3,0,4,0.8,0.125,5,235.754825,4490.568095238096,196.46235416666667
Laminate_03_Defect_0_at_04_w_1.00,3,0,4,1.0,0.125,5,235.925267,4493.81460952381,196.6043891666667
Laminate_03_Defect_0_at_04_w_1.20,3,0,4,1.2000000000000002,0.125,5,236.136396,4497.836114285714,196.78033
Laminate_03_Defect_0_at_04_w_1.40,3,0,4,1.4,0.125,5,236.387112,4502.611657142857,196.98926
Laminate_03_Defect_0_at_04_w_1.60,3,0,4,1.6,0.125,5,236.677001,4508.133352380953,197.23083416666668
Laminate_03_Defect_0_at_04_w_1.80,3,0,4,1.8,0.125,5,237.006843,4514.416057142857,197.5057025
Laminate_03_Defect_0_at_04_w_2.00,3,0,4,2.0,0.125,5,237.376041,4521.4484,197.81336750000003
Laminate_03_Defect_0_at_04_w_2.20,3,0,4,2.2,0.125,5,237.784729,4529.232933333333,198.1539408333333
Laminate_03_Defect_0_at_05_w_0.00,3,0,5,0.0,0.125,5,235.57164200000005,4487.078895238095,196.30970166666668
Laminate_03_Defect_0_at_05_w_0.20,3,0,5,0.2,0.125,5,235.358504,4483.019123809524,196.13208666666668
Laminate_03_Defect_0_at_05_w_0.40,3,0,5,0.4,0.125,5,235.347176,4482.803352380953,196.12264666666667
Laminate_03_Defect_0_at_05_w_0.60,3,0,5,0.6000000000000001,0.125,5,235.433176,4484.441447619048,196.19431333333333
Laminate_03_Defect_0_at_05_w_0.80,3,0,5,0.8,0.125,5,235.58884,4487.4064761904765,196.3240333333333
Laminate_03_Defect_0_at_05_w_1.00,3,0,5,1.0,0.125,5,235.804912,4491.522133333334,196.5040933333333
Laminate_03_Defect_0_at_05_w_1.20,3,0,5,1.2000000000000002,0.125,5,236.078348,4496.730438095238,196.7319566666667
Laminate_03_Defect_0_at_05_w_1.40,3,0,5,1.4,0.125,5,236.407635,4503.002571428572,197.0063625
Laminate_03_Defect_0_at_05_w_1.60,3,0,5,1.6,0.125,5,236.792409,4510.3316,197.3270075
Laminate_03_Defect_0_at_05_w_1.80,3,0,5,1.8,0.125,5,237.23190499999995,4518.702952380952,197.69325416666663
Laminate_03_Defect_0_at_05_w_2.00,3,0,5,2.0,0.125,5,237.72565700000004,4528.107752380953,198.1047141666667
Laminate_03_Defect_0_at_05_w_2.20,3,0,5,2.2,0.125,5,238.274262,4538.557371428572,198.561885
Laminate_03_Defect_0_at_06_w_0.00,3,0,6,0.0,0.125,5,235.57164200000005,4487.078895238095,196.30970166666668
Laminate_03_Defect_0_at_06_w_0.20,3,0,6,0.2,0.125,5,235.435551,4484.486685714286,196.1962925
Laminate_03_Defect_0_at_06_w_0.40,3,0,6,0.4,0.125,5,235.206354,4480.121028571429,196.005295
Laminate_03_Defect_0_at_06_w_0.60,3,0,6,0.6000000000000001,0.125,5,234.833788,4473.024533333333,195.6948233333333
Laminate_03_Defect_0_at_06_w_0.80,3,0,6,0.8,0.125,5,234.299147,4462.840895238096,195.24928916666667
Laminate_03_Defect_0_at_06_w_1.00,3,0,6,1.0,0.125,5,233.589967,4449.332704761905,194.6583058333333
Laminate_03_Defect_0_at_06_w_1.20,3,0,6,1.2000000000000002,0.125,5,232.69661,4432.31638095238,193.91384166666663
Laminate_03_Defect_0_at_06_w_1.40,3,0,6,1.4,0.125,5,231.610756,4411.633447619048,193.00896333333333
Laminate_03_Defect_0_at_06_w_1.60,3,0,6,1.6,0.125,5,230.324964,4387.142171428572,191.93747
Laminate_03_Defect_0_at_06_w_1.80,3,0,6,1.8,0.125,5,228.830925,4358.684285714287,190.6924375
Laminate_03_Defect_0_at_06_w_2.00,3,0,6,2.0,0.125,5,227.121163,4326.117390476191,189.2676358333333
Laminate_03_Defect_0_at_06_w_2.20,3,0,6,2.2,0.125,5,225.184127,4289.221466666667,187.6534391666667
Laminate_03_Defect_0_at_07_w_0.00,3,0,7,0.0,0.125,5,235.57164200000005,4487.078895238095,196.30970166666668
Laminate_03_Defect_0_at_07_w_0.20,3,0,7,0.2,0.125,5,235.509412,4485.893561904761,196.2578433333333
Laminate_03_Defect_0_at_07_w_0.40,3,0,7,0.4,0.125,5,235.528811,4486.263066666666,196.27400916666667
Laminate_03_Defect_0_at_07_w_0.60,3,0,7,0.6000000000000001,0.125,5,235.594935,4487.522571428572,196.32911250000004
Laminate_03_Defect_0_at_07_w_0.80,3,0,7,0.8,0.125,5,235.698082,4489.487276190475,196.41506833333327
Laminate_03_Defect_0_at_07_w_1.00,3,0,7,1.0,0.125,5,235.835152,4492.098133333334,196.52929333333333
Laminate_03_Defect_0_at_07_w_1.20,3,0,7,1.2000000000000002,0.125,5,236.005179,4495.336742857143,196.6709825
Laminate_03_Defect_0_at_07_w_1.40,3,0,7,1.4,0.125,5,236.207963,4499.199295238095,196.8399691666667
Laminate_03_Defect_0_at_07_w_1.60,3,0,7,1.6,0.125,5,236.443533,4503.686342857142,197.0362775
Laminate_03_Defect_0_at_07_w_1.80,3,0,7,1.8,0.125,5,236.71187300000005,4508.797580952381,197.2598941666667
Laminate_03_Defect_0_at_07_w_2.00,3,0,7,2.0,0.125,5,237.013416,4514.541257142857,197.51118
Laminate_03_Defect_0_at_07_w_2.20,3,0,7,2.2,0.125,5,237.34805799999995,4520.91539047619,197.7900483333333
Laminate_03_Defect_0_at_08_w_0.00,3,0,8,0.0,0.125,5,235.57164200000005,4487.078895238095,196.30970166666668
Laminate_03_Defect_0_at_08_w_0.20,3,0,8,0.2,0.125,5,235.36057,4483.058476190477,196.1338083333333
Laminate_03_Defect_0_at_08_w_0.40,3,0,8,0.4,0.125,5,235.34067700000003,4482.6795619047625,196.11723083333337
Laminate_03_Defect_0_at_08_w_0.60,3,0,8,0.6000000000000001,0.125,5,235.41352100000003,4484.067066666667,196.1779341666667
Laminate_03_Defect_0_at_08_w_0.80,3,0,8,0.8,0.125,5,235.55047800000003,4486.675771428572,196.29206500000004
Laminate_03_Defect_0_at_08_w_1.00,3,0,8,1.0,0.125,5,235.742883,4490.340628571428,196.4524025
Laminate_03_Defect_0_at_08_w_1.20,3,0,8,1.2000000000000002,0.125,5,235.987337,4494.996895238095,196.65611416666667
Laminate_03_Defect_0_at_08_w_1.40,3,0,8,1.4,0.125,5,236.282575,4500.620476190476,196.9021458333333
Laminate_03_Defect_0_at_08_w_1.60,3,0,8,1.6,0.125,5,236.62844600000005,4507.208495238096,197.1903716666667
Laminate_03_Defect_0_at_08_w_1.80,3,0,8,1.8,0.125,5,237.02542600000004,4514.77001904762,197.52118833333336
Laminate_03_Defect_0_at_08_w_2.00,3,0,8,2.0,0.125,5,237.473121,4523.297542857144,197.8942675
Laminate_03_Defect_0_at_08_w_2.20,3,0,8,2.2,0.125,5,237.972467,4532.808895238095,198.31038916666665
Laminate_03_Defect_0_at_09_w_0.00,3,0,9,0.0,0.125,5,235.57164200000005,4487.078895238095,196.30970166666668
Laminate_03_Defect_0_at_09_w_0.20,3,0,9,0.2,0.125,5,235.447542,4484.715085714285,196.206285
Laminate_03_Defect_0_at_09_w_0.40,3,0,9,0.4,0.125,5,235.205877,4480.111942857143,196.0048975
Laminate_03_Defect_0_at_09_w_0.60,3,0,9,0.6000000000000001,0.125,5,234.804498,4472.466628571429,195.670415
Laminate_03_Defect_0_at_09_w_0.80,3,0,9,0.8,0.125,5,234.225753,4461.442914285714,195.1881275
Laminate_03_Defect_0_at_09_w_1.00,3,0,9,1.0,0.125,5,233.457383,4446.807295238095,194.54781916666667
Laminate_03_Defect_0_at_09_w_1.20,3,0,9,1.2000000000000002,0.125,5,232.48894,4428.3607619047625,193.74078333333333
Laminate_03_Defect_0_at_09_w_1.40,3,0,9,1.4,0.125,5,231.311389,4405.931219047619,192.75949083333333
Laminate_03_Defect_0_at_09_w_1.60,3,0,9,1.6,0.125,5,229.916225,4379.356666666667,191.59685416666665
Laminate_03_Defect_0_at_09_w_1.80,3,0,9,1.8,0.125,5,228.294636,4348.469257142857,190.24553
Laminate_03_Defect_0_at_09_w_2.00,3,0,9,2.0,0.125,5,226.439148,4313.126628571428,188.69929
Laminate_03_Defect_0_at_09_w_2.20,3,0,9,2.2,0.125,5,224.338512,4273.114514285714,186.94876
Laminate_03_Defect_0_at_10_w_0.00,3,0,10,0.0,0.125,5,235.57164200000005,4487.078895238095,196.30970166666668
Laminate_03_Defect_0_at_10_w_0.20,3,0,10,0.2,0.125,5,235.552541,4486.715066666668,196.29378416666668
Laminate_03_Defect_0_at_10_w_0.40,3,0,10,0.4,0.125,5,235.562114,4486.89740952381,196.3017616666667
Laminate_03_Defect_0_at_10_w_0.60,3,0,10,0.6000000000000001,0.125,5,235.589175,4487.412857142857,196.3243125
Laminate_03_Defect_0_at_10_w_0.80,3,0,10,0.8,0.125,5,235.633013,4488.247866666667,196.36084416666668
Laminate_03_Defect_0_at_10_w_1.00,3,0,10,1.0,0.125,5,235.693228,4489.394819047619,196.41102333333333
Laminate_03_Defect_0_at_10_w_1.20,3,0,10,1.2000000000000002,0.125,5,235.770057,4490.858228571429,196.4750475
Laminate_03_Defect_0_at_10_w_1.40,3,0,10,1.4,0.125,5,235.862793,4492.624628571429,196.5523275
Laminate_03_Defect_0_at_10_w_1.60,3,0,10,1.6,0.125,5,235.971585,4494.696857142858,196.6429875
Laminate_03_Defect_0_at_10_w_1.80,3,0,10,1.8,0.125,5,236.095892,4497.06460952381,196.74657666666667
Laminate_03_Defect_0_at_10_w_2.00,3,0,10,2.0,0.125,5,236.23562,4499.726095238095,196.86301666666668
Laminate_03_Defect_0_at_10_w_2.20,3,0,10,2.2,0.125,5,236.390819,4502.682266666668,196.99234916666668
Laminate_03_Defect_0_at_11_w_0.00,3,0,11,0.0,0.125,5,235.57164200000005,4487.078895238095,196.30970166666668
Laminate_03_Defect_0_at_11_w_0.20,3,0,11,0.2,0.125,5,235.507808,4485.8630095238095,196.2565066666667
Laminate_03_Defect_0_at_11_w_0.40,3,0,11,0.4,0.125,5,235.51437,4485.988,196.261975
Laminate_03_Defect_0_at_11_w_0.60,3,0,11,0.6000000000000001,0.125,5,235.56022,4486.861333333333,196.30018333333336
Laminate_03_Defect_0_at_11_w_0.80,3,0,11,0.8,0.125,5,235.64277300000003,4488.433771428572,196.36897750000003
Laminate_03_Defect_0_at_11_w_1.00,3,0,11,1.0,0.125,5,235.762456,4490.713447619048,196.4687133333333
Laminate_03_Defect_0_at_11_w_1.20,3,0,11,1.2000000000000002,0.125,5,235.91829600000003,4493.681828571429,196.59858000000003
Laminate_03_Defect_0_at_11_w_1.40,3,0,11,1.4,0.125,5,236.109056,4497.315352380952,196.75754666666668
Laminate_03_Defect_0_at_11_w_1.60,3,0,11,1.6,0.125,5,236.334215,4501.604095238095,196.94517916666663
Laminate_03_Defect_0_at_11_w_1.80,3,0,11,1.8,0.125,5,236.59258,4506.525333333333,197.1604833333333
Laminate_03_Defect_0_at_11_w_2.00,3,0,11,2.0,0.125,5,236.884157,4512.079180952381,197.40346416666665
Laminate_03_Defect_0_at_11_w_2.20,3,0,11,2.2,0.125,5,237.208261,4518.252590476191,197.67355083333337
Laminate_03_Defect_0_at_12_w_0.00,3,0,12,0.0,0.125,5,235.57164200000005,4487.078895238095,196.30970166666668
Laminate_03_Defect_0_at_12_w_0.20,3,0,12,0.2,0.125,5,235.354694,4482.946552380952,196.12891166666665
Laminate_03_Defect_0_at_12_w_0.40,3,0,12,0.4,0.125,5,235.292161,4481.755447619047,196.07680083333327
Laminate_03_Defect_0_at_12_w_0.60,3,0,12,0.6000000000000001,0.125,5,235.292787,4481.767371428572,196.0773225
Laminate_03_Defect_0_at_12_w_0.80,3,0,12,0.8,0.125,5,235.350275,4482.862380952381,196.12522916666663
Laminate_03_Defect_0_at_12_w_1.00,3,0,12,1.0,0.125,5,235.465324,4485.05379047619,196.22110333333336
Laminate_03_Defect_0_at_12_w_1.20,3,0,12,1.2000000000000002,0.125,5,235.636206,4488.308685714285,196.363505
Laminate_03_Defect_0_at_12_w_1.40,3,0,12,1.4,0.125,5,235.85993800000003,4492.570247619048,196.54994833333336
Laminate_03_Defect_0_at_12_w_1.60,3,0,12,1.6,0.125,5,236.1344,4497.798095238095,196.77866666666668
Laminate_03_Defect_0_at_12_w_1.80,3,0,12,1.8,0.125,5,236.457417,4503.9508000000005,197.0478475
Laminate_03_Defect_0_at_12_w_2.00,3,0,12,2.0,0.125,5,236.827384,4510.997790476191,197.3561533333333
Laminate_03_Defect_0_at_12_w_2.20,3,0,12,2.2,0.125,5,237.24388,4518.931047619048,197.7032333333333
Laminate_03_Defect_0_at_13_w_0.00,3,0,13,0.0,0.125,5,235.57164200000005,4487.078895238095,196.30970166666668
Laminate_03_Defect_0_at_13_w_0.20,3,0,13,0.2,0.125,5,235.444773,4484.662342857143,196.2039775
Laminate_03_Defect_0_at_13_w_0.40,3,0,13,0.4,0.125,5,235.163901,4479.3124,195.9699175
Laminate_03_Defect_0_at_13_w_0.60,3,0,13,0.6000000000000001,0.125,5,234.684354,4470.178171428572,195.570295
Laminate_03_Defect_0_at_13_w_0.80,3,0,13,0.8,0.125,5,233.982131,4456.802495238096,194.9851091666667
Laminate_03_Defect_0_at_13_w_1.00,3,0,13,1.0,0.125,5,233.033113,4438.725961904762,194.1942608333333
Laminate_03_Defect_0_at_13_w_1.20,3,0,13,1.2000000000000002,0.125,5,231.811759,4415.462076190476,193.1764658333333
Laminate_03_Defect_0_at_13_w_1.40,3,0,13,1.4,0.125,5,230.29277,4386.528952380952,191.91064166666663
Laminate_03_Defect_0_at_13_w_1.60,3,0,13,1.6,0.125,5,228.450237,4351.433085714285,190.3751975
Laminate_03_Defect_0_at_13_w_1.80,3,0,13,1.8,0.125,5,226.255107,4309.621085714286,188.5459225
Laminate_03_Defect_0_at_13_w_2.00,3,0,13,2.0,0.125,5,223.676629,4260.507219047619,186.39719083333333
Laminate_03_Defect_0_at_13_w_2.20,3,0,13,2.2,0.125,5,220.674027,4203.314800000001,183.89502250000004
Laminate_04_Defect_0_at_02_w_0.00,4,0,2,0.0,0.125,5,321.6239,6126.169523809524,268.0199166666667
Laminate_04_Defect_0_at_02_w_0.20,4,0,2,0.2,0.125,5,321.5594500000001,6124.941904761907,267.96620833333344
Laminate_04_Defect_0_at_02_w_0.40,4,0,2,0.4,0.125,5,321.58342000000005,6125.398476190478,267.9861833333334
Laminate_04_Defect_0_at_02_w_0.60,4,0,2,0.6000000000000001,0.125,5,321.66252999999995,6126.905333333333,268.0521083333333
Laminate_04_Defect_0_at_02_w_0.80,4,0,2,0.8,0.125,5,321.78994,6129.332190476191,268.1582833333334
Laminate_04_Defect_0_at_02_w_1.00,4,0,2,1.0,0.125,5,321.96241000000003,6132.617333333335,268.3020083333334
Laminate_04_Defect_0_at_02_w_1.20,4,0,2,1.2000000000000002,0.125,5,322.1788,6136.739047619048,268.4823333333333
Laminate_04_Defect_0_at_02_w_1.40,4,0,2,1.4,0.125,5,322.43875,6141.690476190476,268.69895833333334
Laminate_04_Defect_0_at_02_w_1.60,4,0,2,1.6,0.125,5,322.7407099999999,6147.442095238094,268.95059166666664
Laminate_04_Defect_0_at_02_w_1.80,4,0,2,1.8,0.125,5,323.08562000000006,6154.01180952381,269.23801666666674
Laminate_04_Defect_0_at_02_w_2.00,4,0,2,2.0,0.125,5,323.47270000000003,6161.384761904763,269.5605833333334
Laminate_04_Defect_0_at_02_w_2.20,4,0,2,2.2,0.125,5,323.90167999999994,6169.555809523808,269.9180666666666
Laminate_04_Defect_0_at_03_w_0.00,4,0,3,0.0,0.125,5,321.6239,6126.169523809524,268.0199166666667
Laminate_04_Defect_0_at_03_w_0.20,4,0,3,0.2,0.125,5,321.39989,6121.902666666667,267.8332416666667
Laminate_04_Defect_0_at_03_w_0.40,4,0,3,0.4,0.125,5,321.37395000000004,6121.408571428573,267.81162500000005
Laminate_04_Defect_0_at_03_w_0.60,4,0,3,0.6000000000000001,0.125,5,321.45113000000003,6122.878666666667,267.87594166666673
Laminate_04_Defect_0_at_03_w_0.80,4,0,3,0.8,0.125,5,321.61137,6125.930857142856,268.009475
Laminate_04_Defect_0_at_03_w_1.00,4,0,3,1.0,0.125,5,321.84734,6130.425523809524,268.2061166666667
Laminate_04_Defect_0_at_03_w_1.20,4,0,3,1.2000000000000002,0.125,5,322.15399,6136.266476190477,268.4616583333334
Laminate_04_Defect_0_at_03_w_1.40,4,0,3,1.4,0.125,5,322.52973000000003,6143.423428571429,268.77477500000003
Laminate_04_Defect_0_at_03_w_1.60,4,0,3,1.6,0.125,5,322.97322999999994,6151.871047619047,269.1443583333333
Laminate_04_Defect_0_at_03_w_1.80,4,0,3,1.8,0.125,5,323.48237000000006,6161.568952380953,269.56864166666674
Laminate_04_Defect_0_at_03_w_2.00,4,0,3,2.0,0.125,5,324.05725,6172.519047619048,270.04770833333333
Laminate_04_Defect_0_at_03_w_2.20,4,0,3,2.2,0.125,5,324.69781,6184.720190476191,270.5815083333334
Laminate_04_Defect_0_at_04_w_0.00,4,0,4,0.0,0.125,5,321.6239,6126.169523809524,268.0199166666667
Laminate_04_Defect_0_at_04_w_0.20,4,0,4,0.2,0.125,5,321.4405299999999,6122.6767619047605,267.86710833333325
Laminate_04_Defect_0_at_04_w_0.40,4,0,4,0.4,0.125,5,321.18904,6117.886476190476,267.65753333333333
Laminate_04_Defect_0_at_04_w_0.60,4,0,4,0.6000000000000001,0.125,5,320.82048000000003,6110.866285714286,267.35040000000004
Laminate_04_Defect_0_at_04_w_0.80,4,0,4,0.8,0.125,5,320.31493,6101.236761904762,266.9291083333334
Laminate_04_Defect_0_at_04_w_1.00,4,0,4,1.0,0.125,5,319.65924,6088.747428571429,266.3827
Laminate_04_Defect_0_at_04_w_1.20,4,0,4,1.2000000000000002,0.125,5,318.84470000000005,6073.232380952382,265.7039166666667
Laminate_04_Defect_0_at_04_w_1.40,4,0,4,1.4,0.125,5,317.86475,6054.566666666667,264.88729166666667
Laminate_04_Defect_0_at_04_w_1.60,4,0,4,1.6,0.125,5,316.7149,6032.664761904762,263.9290833333333
Laminate_04_Defect_0_at_04_w_1.80,4,0,4,1.8,0.125,5,315.3903,6007.434285714286,262.82525
Laminate_04_Defect_0_at_04_w_2.00,4,0,4,2.0,0.125,5,313.88834,5978.825523809524,261.5736166666667
Laminate_04_Defect_0_at_04_w_2.20,4,0,4,2.2,0.125,5,312.2003699999999,5946.673714285713,260.1669749999999
Laminate_04_Defect_0_at_05_w_0.00,4,0,5,0.0,0.125,5,321.6239,6126.169523809524,268.0199166666667
Laminate_04_Defect_0_at_05_w_0.20,4,0,5,0.2,0.125,5,321.43774,6122.62361904762,267.8647833333334
Laminate_04_Defect_0_at_05_w_0.40,4,0,5,0.4,0.125,5,321.44528999999994,6122.767428571427,267.871075
Laminate_04_Defect_0_at_05_w_0.60,4,0,5,0.6000000000000001,0.125,5,321.54632000000004,6124.691809523811,267.9552666666667
Laminate_04_Defect_0_at_05_w_0.80,4,0,5,0.8,0.125,5,321.72177,6128.033714285714,268.101475
Laminate_04_Defect_0_at_05_w_1.00,4,0,5,1.0,0.125,5,321.96694999999994,6132.703809523809,268.3057916666666
Laminate_04_Defect_0_at_05_w_1.20,4,0,5,1.2000000000000002,0.125,5,322.27827,6138.633714285715,268.56522500000005
Laminate_04_Defect_0_at_05_w_1.40,4,0,5,1.4,0.125,5,322.65473,6145.804380952381,268.87894166666666
Laminate_04_Defect_0_at_05_w_1.60,4,0,5,1.6,0.125,5,323.0953300000001,6154.196761904764,269.24610833333344
Laminate_04_Defect_0_at_05_w_1.80,4,0,5,1.8,0.125,5,323.5996400000001,6163.802666666668,269.6663666666668
Laminate_04_Defect_0_at_05_w_2.00,4,0,5,2.0,0.125,5,324.16714,6174.612190476191,270.13928333333337
Laminate_04_Defect_0_at_05_w_2.20,4,0,5,2.2,0.125,5,324.7989,6186.645714285714,270.66575
Laminate_04_Defect_0_at_06_w_0.00,4,0,6,0.0,0.125,5,321.6239,6126.169523809524,268.0199166666667
Laminate_04_Defect_0_at_06_w_0.20,4,0,6,0.2,0.125,5,321.48873000000003,6123.594857142858,267.907275
Laminate_04_Defect_0_at_06_w_0.40,4,0,6,0.4,0.125,5,321.26627,6119.3575238095245,267.7218916666667
Laminate_04_Defect_0_at_06_w_0.60,4,0,6,0.6000000000000001,0.125,5,320.90417,6112.460380952381,267.42014166666667
Laminate_04_Defect_0_at_06_w_0.80,4,0,6,0.8,0.125,5,320.38642,6102.598476190476,266.9886833333333
Laminate_04_Defect_0_at_06_w_1.00,4,0,6,1.0,0.125,5,319.70367000000005,6089.593714285716,266.419725
Laminate_04_Defect_0_at_06_w_1.20,4,0,6,1.2000000000000002,0.125,5,318.84822,6073.299428571429,265.70685000000003
Laminate_04_Defect_0_at_06_w_1.40,4,0,6,1.4,0.125,5,317.81437000000005,6053.607047619049,264.8453083333334
Laminate_04_Defect_0_at_06_w_1.60,4,0,6,1.6,0.125,5,316.59755,6030.429523809525,263.8312916666667
Laminate_04_Defect_0_at_06_w_1.80,4,0,6,1.8,0.125,5,315.19350000000003,6003.685714285714,262.66125000000005
Laminate_04_Defect_0_at_06_w_2.00,4,0,6,2.0,0.125,5,313.59793,5973.293904761906,261.3316083333333
Laminate_04_Defect_0_at_06_w_2.20,4,0,6,2.2,0.125,5,311.80539,5939.150285714286,259.837825
Laminate_04_Defect_0_at_07_w_0.00,4,0,7,0.0,0.125,5,321.6239,6126.169523809524,268.0199166666667
Laminate_04_Defect_0_at_07_w_0.20,4,0,7,0.2,0.125,5,321.55905,6124.934285714285,267.965875
Laminate_04_Defect_0_at_07_w_0.40,4,0,7,0.4,0.125,5,321.58103,6125.352952380953,267.9841916666667
Laminate_04_Defect_0_at_07_w_0.60,4,0,7,0.6000000000000001,0.125,5,321.65764,6126.81219047619,268.0480333333333
Laminate_04_Defect_0_at_07_w_0.80,4,0,7,0.8,0.125,5,321.78126999999995,6129.167047619048,268.1510583333333
Laminate_04_Defect_0_at_07_w_1.00,4,0,7,1.0,0.125,5,321.94931,6132.367809523809,268.29109166666666
Laminate_04_Defect_0_at_07_w_1.20,4,0,7,1.2000000000000002,0.125,5,322.16049000000004,6136.390285714287,268.467075
Laminate_04_Defect_0_at_07_w_1.40,4,0,7,1.4,0.125,5,322.414,6141.219047619047,268.67833333333334
Laminate_04_Defect_0_at_07_w_1.60,4,0,7,1.6,0.125,5,322.70967,6146.850857142857,268.924725
Laminate_04_Defect_0_at_07_w_1.80,4,0,7,1.8,0.125,5,323.04719,6153.2798095238095,269.2059916666667
Laminate_04_Defect_0_at_07_w_2.00,4,0,7,2.0,0.125,5,323.42664,6160.507428571429,269.52220000000005
Laminate_04_Defect_0_at_07_w_2.20,4,0,7,2.2,0.125,5,323.84781,6168.529714285714,269.873175
Laminate_04_Defect_0_at_08_w_0.00,4,0,8,0.0,0.125,5,321.6239,6126.169523809524,268.0199166666667
Laminate_04_Defect_0_at_08_w_0.20,4,0,8,0.2,0.125,5,321.3989999999999,6121.885714285712,267.8324999999999
Laminate_04_Defect_0_at_08_w_0.40,4,0,8,0.4,0.125,5,321.37099,6121.352190476191,267.80915833333336
Laminate_04_Defect_0_at_08_w_0.60,4,0,8,0.6000000000000001,0.125,5,321.44587,6122.778476190477,267.8715583333334
Laminate_04_Defect_0_at_08_w_0.80,4,0,8,0.8,0.125,5,321.60303,6125.772,268.002525
Laminate_04_Defect_0_at_08_w_1.00,4,0,8,1.0,0.125,5,321.83488,6130.188190476191,268.1957333333333
Laminate_04_Defect_0_at_08_w_1.20,4,0,8,1.2000000000000002,0.125,5,322.13647,6135.932761904762,268.4470583333333
Laminate_04_Defect_0_at_08_w_1.40,4,0,8,1.4,0.125,5,322.50585000000007,6142.968571428573,268.7548750000001
Laminate_04_Defect_0_at_08_w_1.60,4,0,8,1.6,0.125,5,322.9421699999999,6151.279428571427,269.11847499999993
Laminate_04_Defect_0_at_08_w_1.80,4,0,8,1.8,0.125,5,323.44390000000004,6160.836190476191,269.5365833333334
Laminate_04_Defect_0_at_08_w_2.00,4,0,8,2.0,0.125,5,324.01114,6171.640761904762,270.00928333333337
Laminate_04_Defect_0_at_08_w_2.20,4,0,8,2.2,0.125,5,324.6442,6183.699047619047,270.53683333333333
Laminate_04_Defect_0_at_09_w_0.00,4,0,9,0.0,0.125,5,321.6239,6126.169523809524,268.0199166666667
Laminate_04_Defect_0_at_09_w_0.20,4,0,9,0.2,0.125,5,321.43821,6122.632571428572,267.865175
Laminate_04_Defect_0_at_09_w_0.40,4,0,9,0.4,0.125,5,321.18113,6117.73580952381,267.65094166666665
Laminate_04_Defect_0_at_09_w_0.60,4,0,9,0.6000000000000001,0.125,5,320.80419,6110.556,267.33682500000003
Laminate_04_Defect_0_at_09_w_0.80,4,0,9,0.8,0.125,5,320.28756,6100.715428571428,266.9063
Laminate_04_Defect_0_at_09_w_1.00,4,0,9,1.0,0.125,5,319.61919,6087.984571428571,266.349325
Laminate_04_Defect_0_at_09_w_1.20,4,0,9,1.2000000000000002,0.125,5,318.79046,6072.199238095239,265.6587166666667
Laminate_04_Defect_0_at_09_w_1.40,4,0,9,1.4,0.125,5,317.79458,6053.230095238096,264.8288166666667
Laminate_04_Defect_0_at_09_w_1.60,4,0,9,1.6,0.125,5,316.62669,6030.984571428571,263.855575
Laminate_04_Defect_0_at_09_w_1.80,4,0,9,1.8,0.125,5,315.28157000000004,6005.36323809524,262.73464166666673
Laminate_04_Defect_0_at_09_w_2.00,4,0,9,2.0,0.125,5,313.75475,5976.280952380953,261.46229166666666
Laminate_04_Defect_0_at_09_w_2.20,4,0,9,2.2,0.125,5,312.03964,5943.61219047619,260.0330333333334
Laminate_04_Defect_0_at_10_w_0.00,4,0,10,0.0,0.125,5,321.6239,6126.169523809524,268.0199166666667
Laminate_04_Defect_0_at_10_w_0.20,4,0,10,0.2,0.125,5,321.43324,6122.537904761905,267.8610333333333
Laminate_04_Defect_0_at_10_w_0.40,4,0,10,0.4,0.125,5,321.42857,6122.4489523809525,267.8571416666667
Laminate_04_Defect_0_at_10_w_0.60,4,0,10,0.6000000000000001,0.125,5,321.50999,6123.999809523809,267.92499166666664
Laminate_04_Defect_0_at_10_w_0.80,4,0,10,0.8,0.125,5,321.6587400000001,6126.833142857145,268.0489500000001
Laminate_04_Defect_0_at_10_w_1.00,4,0,10,1.0,0.125,5,321.87092000000007,6130.874666666668,268.22576666666674
Laminate_04_Defect_0_at_10_w_1.20,4,0,10,1.2000000000000002,0.125,5,322.14503,6136.095809523809,268.45419166666665
Laminate_04_Defect_0_at_10_w_1.40,4,0,10,1.4,0.125,5,322.48064000000005,6142.488380952382,268.7338666666667
Laminate_04_Defect_0_at_10_w_1.60,4,0,10,1.6,0.125,5,322.87712,6150.040380952381,269.0642666666667
Laminate_04_Defect_0_at_10_w_1.80,4,0,10,1.8,0.125,5,323.33566,6158.774476190477,269.44638333333336
Laminate_04_Defect_0_at_10_w_2.00,4,0,10,2.0,0.125,5,323.8555,6168.676190476192,269.87958333333336
Laminate_04_Defect_0_at_10_w_2.20,4,0,10,2.2,0.125,5,324.43726,6179.757333333334,270.3643833333333
Laminate_04_Defect_0_at_11_w_0.00,4,0,11,0.0,0.125,5,321.6239,6126.169523809524,268.0199166666667
Laminate_04_Defect_0_at_11_w_0.20,4,0,11,0.2,0.125,5,321.47966,6123.4220952380965,267.8997166666667
Laminate_04_Defect_0_at_11_w_0.40,4,0,11,0.4,0.125,5,321.23533,6118.76819047619,267.6961083333333
Laminate_04_Defect_0_at_11_w_0.60,4,0,11,0.6000000000000001,0.125,5,320.84547000000003,6111.342285714287,267.37122500000004
Laminate_04_Defect_0_at_11_w_0.80,4,0,11,0.8,0.125,5,320.29380999999995,6100.834476190476,266.9115083333333
Laminate_04_Defect_0_at_11_w_1.00,4,0,11,1.0,0.125,5,319.56912,6087.030857142858,266.30760000000004
Laminate_04_Defect_0_at_11_w_1.20,4,0,11,1.2000000000000002,0.125,5,318.66284999999993,6069.768571428571,265.552375
Laminate_04_Defect_0_at_11_w_1.40,4,0,11,1.4,0.125,5,317.56819999999993,6048.918095238095,264.64016666666663
Laminate_04_Defect_0_at_11_w_1.60,4,0,11,1.6,0.125,5,316.27932,6024.368,263.5661
Laminate_04_Defect_0_at_11_w_1.80,4,0,11,1.8,0.125,5,314.79051000000004,5996.009714285715,262.32542500000005
Laminate_04_Defect_0_at_11_w_2.00,4,0,11,2.0,0.125,5,313.09695,5963.751428571429,260.914125
Laminate_04_Defect_0_at_11_w_2.20,4,0,11,2.2,0.125,5,311.19219000000004,5927.470285714287,259.32682500000004
Laminate_04_Defect_0_at_12_w_0.00,4,0,12,0.0,0.125,5,321.6239,6126.169523809524,268.0199166666667
Laminate_04_Defect_0_at_12_w_0.20,4,0,12,0.2,0.125,5,321.53729,6124.519809523809,267.9477416666667
Laminate_04_Defect_0_at_12_w_0.40,4,0,12,0.4,0.125,5,321.51404,6124.076952380952,267.92836666666665
Laminate_04_Defect_0_at_12_w_0.60,4,0,12,0.6000000000000001,0.125,5,321.54100000000005,6124.590476190477,267.9508333333334
Laminate_04_Defect_0_at_12_w_0.80,4,0,12,0.8,0.125,5,321.60704000000004,6125.848380952381,268.0058666666667
Laminate_04_Defect_0_at_12_w_1.00,4,0,12,1.0,0.125,5,321.70634,6127.7398095238095,268.08861666666667
Laminate_04_Defect_0_at_12_w_1.20,4,0,12,1.2000000000000002,0.125,5,321.83604,6130.210285714285,268.1967
Laminate_04_Defect_0_at_12_w_1.40,4,0,12,1.4,0.125,5,321.99421,6133.223047619048,268.32850833333333
Laminate_04_Defect_0_at_12_w_1.60,4,0,12,1.6,0.125,5,322.1797,6136.75619047619,268.4830833333333
Laminate_04_Defect_0_at_12_w_1.80,4,0,12,1.8,0.125,5,322.39242,6140.808000000001,268.66035000000005
Laminate_04_Defect_0_at_12_w_2.00,4,0,12,2.0,0.125,5,322.63162,6145.364190476191,268.8596833333333
Laminate_04_Defect_0_at_12_w_2.20,4,0,12,2.2,0.125,5,322.89761,6150.430666666666,269.0813416666667
Laminate_04_Defect_0_at_13_w_0.00,4,0,13,0.0,0.125,5,321.6239,6126.169523809524,268.0199166666667
Laminate_04_Defect_0_at_13_w_0.20,4,0,13,0.2,0.125,5,321.34549000000004,6120.866476190477,267.7879083333334
Laminate_04_Defect_0_at_13_w_0.40,4,0,13,0.4,0.125,5,321.21153000000004,6118.314857142857,267.67627500000003
Laminate_04_Defect_0_at_13_w_0.60,4,0,13,0.6000000000000001,0.125,5,321.1874399999999,6117.855999999999,267.6562
Laminate_04_Defect_0_at_13_w_0.80,4,0,13,0.8,0.125,5,321.24288999999993,6118.91219047619,267.70240833333327
Laminate_04_Defect_0_at_13_w_1.00,4,0,13,1.0,0.125,5,321.36164,6121.174095238096,267.8013666666667
Laminate_04_Defect_0_at_13_w_1.20,4,0,13,1.2000000000000002,0.125,5,321.53462999999994,6124.469142857142,267.945525
Laminate_04_Defect_0_at_13_w_1.40,4,0,13,1.4,0.125,5,321.75686999999994,6128.702285714285,268.130725
Laminate_04_Defect_0_at_13_w_1.60,4,0,13,1.6,0.125,5,322.02475,6133.804761904762,268.3539583333333
Laminate_04_Defect_0_at_13_w_1.80,4,0,13,1.8,0.125,5,322.33691000000005,6139.750666666668,268.6140916666667
Laminate_04_Defect_0_at_13_w_2.00,4,0,13,2.0,0.125,5,322.6919700000001,6146.513714285716,268.9099750000001
Laminate_04_Defect_0_at_13_w_2.20,4,0,13,2.2,0.125,5,323.08925,6154.080952380953,269.24104166666666
Laminate_05_Defect_0_at_02_w_0.00,5,0,2,0.0,0.125,5,414.606192,6910.1032000000005,345.50516000000005
Laminate_05_Defect_0_at_02_w_0.20,5,0,2,0.2,0.125,5,414.417778,6906.962966666667,345.34814833333337
Laminate_05_Defect_0_at_02_w_0.40,5,0,2,0.4,0.125,5,414.160199,6902.669983333333,345.13349916666664
Laminate_05_Defect_0_at_02_w_0.60,5,0,2,0.6000000000000001,0.125,5,413.784377,6896.406283333334,344.82031416666666
Laminate_05_Defect_0_at_02_w_0.80,5,0,2,0.8,0.125,5,413.2779780000001,6887.966300000002,344.3983150000001
Laminate_05_Defect_0_at_02_w_1.00,5,0,2,1.0,0.125,5,412.632944,6877.2157333333325,343.8607866666666
Laminate_05_Defect_0_at_02_w_1.20,5,0,2,1.2000000000000002,0.125,5,411.839667,6863.99445,343.1997225
Laminate_05_Defect_0_at_02_w_1.40,5,0,2,1.4,0.125,5,410.886601,6848.1100166666665,342.4055008333333
Laminate_05_Defect_0_at_02_w_1.60,5,0,2,1.6,0.125,5,409.758025,6829.300416666667,341.4650208333333
Laminate_05_Defect_0_at_02_w_1.80,5,0,2,1.8,0.125,5,408.436198,6807.269966666667,340.3634983333333
Laminate_05_Defect_0_at_02_w_2.00,5,0,2,2.0,0.125,5,406.89731,6781.621833333333,339.0810916666666
Laminate_05_Defect_0_at_02_w_2.20,5,0,2,2.2,0.125,5,405.109658,6751.827633333334,337.5913816666667
Laminate_05_Defect_0_at_03_w_0.00,5,0,3,0.0,0.125,5,414.606192,6910.1032000000005,345.50516000000005
Laminate_05_Defect_0_at_03_w_0.20,5,0,3,0.2,0.125,5,414.402195,6906.7032500000005,345.3351625
Laminate_05_Defect_0_at_03_w_0.40,5,0,3,0.4,0.125,5,414.400041,6906.66735,345.3333675
Laminate_05_Defect_0_at_03_w_0.60,5,0,3,0.6000000000000001,0.125,5,414.495386,6908.256433333334,345.4128216666667
Laminate_05_Defect_0_at_03_w_0.80,5,0,3,0.8,0.125,5,414.675052,6911.250866666667,345.56254333333334
Laminate_05_Defect_0_at_03_w_1.00,5,0,3,1.0,0.125,5,414.935489,6915.591483333334,345.7795741666667
Laminate_05_Defect_0_at_03_w_1.20,5,0,3,1.2000000000000002,0.125,5,415.275979,6921.266316666667,346.0633158333334
Laminate_05_Defect_0_at_03_w_1.40,5,0,3,1.4,0.125,5,415.695289,6928.254816666666,346.4127408333333
Laminate_05_Defect_0_at_03_w_1.60,5,0,3,1.6,0.125,5,416.192886,6936.5481,346.827405
Laminate_05_Defect_0_at_03_w_1.80,5,0,3,1.8,0.125,5,416.767862,6946.131033333333,347.3065516666667
Laminate_05_Defect_0_at_03_w_2.00,5,0,3,2.0,0.125,5,417.419592,6956.9932,347.84966
Laminate_05_Defect_0_at_03_w_2.20,5,0,3,2.2,0.125,5,418.147796,6969.129933333333,348.4564966666667
Laminate_05_Defect_0_at_04_w_0.00,5,0,4,0.0,0.125,5,414.606192,6910.1032000000005,345.50516000000005
Laminate_05_Defect_0_at_04_w_0.20,5,0,4,0.2,0.125,5,414.416693,6906.944883333334,345.3472441666667
Laminate_05_Defect_0_at_04_w_0.40,5,0,4,0.4,0.125,5,414.183583,6903.059716666666,345.1529858333333
Laminate_05_Defect_0_at_04_w_0.60,5,0,4,0.6000000000000001,0.125,5,413.844972,6897.4162,344.87081
Laminate_05_Defect_0_at_04_w_0.80,5,0,4,0.8,0.125,5,413.385596,6889.759933333333,344.4879966666667
Laminate_05_Defect_0_at_04_w_1.00,5,0,4,1.0,0.125,5,412.796404,6879.940066666667,343.99700333333334
Laminate_05_Defect_0_at_04_w_1.20,5,0,4,1.2000000000000002,0.125,5,412.072716,6867.878600000001,343.39393
Laminate_05_Defect_0_at_04_w_1.40,5,0,4,1.4,0.125,5,411.21024100000005,6853.504016666668,342.6752008333334
Laminate_05_Defect_0_at_04_w_1.60,5,0,4,1.6,0.125,5,410.206576,6836.776266666667,341.8388133333333
Laminate_05_Defect_0_at_04_w_1.80,5,0,4,1.8,0.125,5,409.060486,6817.674766666667,340.8837383333334
Laminate_05_Defect_0_at_04_w_2.00,5,0,4,2.0,0.125,5,407.769097,6796.151616666667,339.80758083333336
Laminate_05_Defect_0_at_04_w_2.20,5,0,4,2.2,0.125,5,406.329008,6772.150133333334,338.6075066666667
Laminate_05_Defect_0_at_05_w_0.00,5,0,5,0.0,0.125,5,414.606192,6910.1032000000005,345.50516000000005
Laminate_05_Defect_0_at_05_w_0.20,5,0,5,0.2,0.125,5,414.369856,6906.164266666667,345.3082133333333
Laminate_05_Defect_0_at_05_w_0.40,5,0,5,0.4,0.125,5,414.340652,6905.6775333333335,345.2838766666667
Laminate_05_Defect_0_at_05_w_0.60,5,0,5,0.6000000000000001,0.125,5,414.425923,6907.098716666667,345.35493583333334
Laminate_05_Defect_0_at_05_w_0.80,5,0,5,0.8,0.125,5,414.607241,6910.120683333334,345.50603416666667
Laminate_05_Defect_0_at_05_w_1.00,5,0,5,1.0,0.125,5,414.876609,6914.61015,345.7305075
Laminate_05_Defect_0_at_05_w_1.20,5,0,5,1.2000000000000002,0.125,5,415.229213,6920.486883333333,346.02434416666665
Laminate_05_Defect_0_at_05_w_1.40,5,0,5,1.4,0.125,5,415.662387,6927.706450000001,346.38532250000003
Laminate_05_Defect_0_at_05_w_1.60,5,0,5,1.6,0.125,5,416.174045,6936.234083333333,346.8117041666667
Laminate_05_Defect_0_at_05_w_1.80,5,0,5,1.8,0.125,5,416.7623029999999,6946.038383333333,347.3019191666666
Laminate_05_Defect_0_at_05_w_2.00,5,0,5,2.0,0.125,5,417.427122,6957.118699999999,347.855935
Laminate_05_Defect_0_at_05_w_2.20,5,0,5,2.2,0.125,5,418.168474,6969.474566666667,348.4737283333333
Laminate_05_Defect_0_at_06_w_0.00,5,0,6,0.0,0.125,5,414.606192,6910.1032000000005,345.50516000000005
Laminate_05_Defect_0_at_06_w_0.20,5,0,6,0.2,0.125,5,414.38063,6906.343833333332,345.31719166666664
Laminate_05_Defect_0_at_06_w_0.40,5,0,6,0.4,0.125,5,414.110817,6901.84695,345.0923475
Laminate_05_Defect_0_at_06_w_0.60,5,0,6,0.6000000000000001,0.125,5,413.754243,6895.90405,344.7952025
Laminate_05_Defect_0_at_06_w_0.80,5,0,6,0.8,0.125,5,413.288152,6888.1358666666665,344.4067933333333
Laminate_05_Defect_0_at_06_w_1.00,5,0,6,1.0,0.125,5,412.698139,6878.302316666667,343.91511583333335
Laminate_05_Defect_0_at_06_w_1.20,5,0,6,1.2000000000000002,0.125,5,411.974817,6866.246950000001,343.31234750000004
Laminate_05_Defect_0_at_06_w_1.40,5,0,6,1.4,0.125,5,411.112795,6851.879916666667,342.59399583333334
Laminate_05_Defect_0_at_06_w_1.60,5,0,6,1.6,0.125,5,410.10753399999993,6835.125566666666,341.7562783333333
Laminate_05_Defect_0_at_06_w_1.80,5,0,6,1.8,0.125,5,408.957825,6815.963750000001,340.79818750000004
Laminate_05_Defect_0_at_06_w_2.00,5,0,6,2.0,0.125,5,407.661724,6794.362066666667,339.7181033333333
Laminate_05_Defect_0_at_06_w_2.20,5,0,6,2.2,0.125,5,406.21611600000006,6770.268600000001,338.5134300000001
Laminate_05_Defect_0_at_07_w_0.00,5,0,7,0.0,0.125,5,414.606192,6910.1032000000005,345.50516000000005
Laminate_05_Defect_0_at_07_w_0.20,5,0,7,0.2,0.125,5,414.287137,6904.785616666667,345.2392808333334
Laminate_05_Defect_0_at_07_w_0.40,5,0,7,0.4,0.125,5,414.219248,6903.654133333333,345.18270666666666
Laminate_05_Defect_0_at_07_w_0.60,5,0,7,0.6000000000000001,0.125,5,414.309329,6905.155483333333,345.25777416666665
Laminate_05_Defect_0_at_07_w_0.80,5,0,7,0.8,0.125,5,414.5222030000001,6908.703383333334,345.4351691666667
Laminate_05_Defect_0_at_07_w_1.00,5,0,7,1.0,0.125,5,414.842905,6914.0484166666665,345.7024208333333
Laminate_05_Defect_0_at_07_w_1.20,5,0,7,1.2000000000000002,0.125,5,415.263009,6921.05015,346.05250750000005
Laminate_05_Defect_0_at_07_w_1.40,5,0,7,1.4,0.125,5,415.777608,6929.6268,346.48134
Laminate_05_Defect_0_at_07_w_1.60,5,0,7,1.6,0.125,5,416.383779,6939.72965,346.9864825
Laminate_05_Defect_0_at_07_w_1.80,5,0,7,1.8,0.125,5,417.080164,6951.336066666668,347.5668033333334
Laminate_05_Defect_0_at_07_w_2.00,5,0,7,2.0,0.125,5,417.865618,6964.426966666667,348.2213483333333
Laminate_05_Defect_0_at_07_w_2.20,5,0,7,2.2,0.125,5,418.740175,6979.002916666667,348.9501458333333
Laminate_05_Defect_0_at_08_w_0.00,5,0,8,0.0,0.125,5,414.606192,6910.1032000000005,345.50516000000005
Laminate_05_Defect_0_at_08_w_0.20,5,0,8,0.2,0.125,5,414.18022,6903.003666666667,345.15018333333336
Laminate_05_Defect_0_at_08_w_0.40,5,0,8,0.4,0.125,5,413.851086,6897.5181,344.87590500000005
Laminate_05_Defect_0_at_08_w_0.60,5,0,8,0.6000000000000001,0.125,5,413.501326,6891.688766666667,344.58443833333337
Laminate_05_Defect_0_at_08_w_0.80,5,0,8,0.8,0.125,5,413.088007,6884.800116666666,344.2400058333333
Laminate_05_Defect_0_at_08_w_1.00,5,0,8,1.0,0.125,5,412.595729,6876.595483333333,343.82977416666665
Laminate_05_Defect_0_at_08_w_1.20,5,0,8,1.2000000000000002,0.125,5,412.017591,6866.95985,343.3479925
Laminate_05_Defect_0_at_08_w_1.40,5,0,8,1.4,0.125,5,411.351582,6855.8597,342.79298500000004
Laminate_05_Defect_0_at_08_w_1.60,5,0,8,1.6,0.125,5,410.595948,6843.265800000001,342.16329
Laminate_05_Defect_0_at_08_w_1.80,5,0,8,1.8,0.125,5,409.75283800000005,6829.213966666668,341.46069833333337
Laminate_05_Defect_0_at_08_w_2.00,5,0,8,2.0,0.125,5,408.823283,6813.7213833333335,340.6860691666667
Laminate_05_Defect_0_at_08_w_2.20,5,0,8,2.2,0.125,5,407.80967,6796.827833333334,339.84139166666665
Laminate_05_Defect_0_at_09_w_0.00,5,0,9,0.0,0.125,5,414.606192,6910.1032000000005,345.50516000000005
Laminate_05_Defect_0_at_09_w_0.20,5,0,9,0.2,0.125,5,414.417739,6906.962316666667,345.34811583333334
Laminate_05_Defect_0_at_09_w_0.40,5,0,9,0.4,0.125,5,414.165264,6902.7544,345.13772
Laminate_05_Defect_0_at_09_w_0.60,5,0,9,0.6000000000000001,0.125,5,413.8024610000001,6896.707683333334,344.8353841666667
Laminate_05_Defect_0_at_09_w_0.80,5,0,9,0.8,0.125,5,413.31411,6888.568499999999,344.428425
Laminate_05_Defect_0_at_09_w_1.00,5,0,9,1.0,0.125,5,412.692944,6878.2157333333325,343.91078666666664
Laminate_05_Defect_0_at_09_w_1.20,5,0,9,1.2000000000000002,0.125,5,411.934917,6865.58195,343.2790975
Laminate_05_Defect_0_at_09_w_1.40,5,0,9,1.4,0.125,5,411.03826,6850.637666666667,342.5318833333334
Laminate_05_Defect_0_at_09_w_1.60,5,0,9,1.6,0.125,5,410.003327,6833.388783333333,341.6694391666666
Laminate_05_Defect_0_at_09_w_1.80,5,0,9,1.8,0.125,5,408.831083,6813.851383333335,340.6925691666667
Laminate_05_Defect_0_at_09_w_2.00,5,0,9,2.0,0.125,5,407.522958,6792.0493,339.602465
Laminate_05_Defect_0_at_09_w_2.20,5,0,9,2.2,0.125,5,406.081646,6768.027433333335,338.4013716666667
Laminate_05_Defect_0_at_10_w_0.00,5,0,10,0.0,0.125,5,414.606192,6910.1032000000005,345.50516000000005
Laminate_05_Defect_0_at_10_w_0.20,5,0,10,0.2,0.125,5,414.401749,6906.695816666667,345.33479083333333
Laminate_05_Defect_0_at_10_w_0.40,5,0,10,0.4,0.125,5,414.396619,6906.610316666667,345.3305158333333
Laminate_05_Defect_0_at_10_w_0.60,5,0,10,0.6000000000000001,0.125,5,414.487905,6908.1317500000005,345.4065875
Laminate_05_Defect_0_at_10_w_0.80,5,0,10,0.8,0.125,5,414.662154,6911.0359,345.551795
Laminate_05_Defect_0_at_10_w_1.00,5,0,10,1.0,0.125,5,414.914756,6915.245933333334,345.7622966666667
Laminate_05_Defect_0_at_10_w_1.20,5,0,10,1.2000000000000002,0.125,5,415.242946,6920.715766666666,346.0357883333333
Laminate_05_Defect_0_at_10_w_1.40,5,0,10,1.4,0.125,5,415.64699,6927.449833333333,346.37249166666663
Laminate_05_Defect_0_at_10_w_1.60,5,0,10,1.6,0.125,5,416.125706,6935.4284333333335,346.77142166666664
Laminate_05_Defect_0_at_10_w_1.80,5,0,10,1.8,0.125,5,416.678864,6944.647733333333,347.2323866666667
Laminate_05_Defect_0_at_10_w_2.00,5,0,10,2.0,0.125,5,417.306216,6955.1036,347.75518
Laminate_05_Defect_0_at_10_w_2.20,5,0,10,2.2,0.125,5,418.008926,6966.815433333333,348.3407716666667
Laminate_05_Defect_0_at_11_w_0.00,5,0,11,0.0,0.125,5,414.606192,6910.1032000000005,345.50516000000005
Laminate_05_Defect_0_at_11_w_0.20,5,0,11,0.2,0.125,5,414.417879,6906.96465,345.3482325
Laminate_05_Defect_0_at_11_w_0.40,5,0,11,0.4,0.125,5,414.174622,6902.910366666666,345.1455183333333
Laminate_05_Defect_0_at_11_w_0.60,5,0,11,0.6000000000000001,0.125,5,413.813818,6896.896966666667,344.84484833333335
Laminate_05_Defect_0_at_11_w_0.80,5,0,11,0.8,0.125,5,413.322187,6888.703116666668,344.4351558333334
Laminate_05_Defect_0_at_11_w_1.00,5,0,11,1.0,0.125,5,412.691817,6878.1969500000005,343.9098475
Laminate_05_Defect_0_at_11_w_1.20,5,0,11,1.2000000000000002,0.125,5,411.919008,6865.3168000000005,343.26584
Laminate_05_Defect_0_at_11_w_1.40,5,0,11,1.4,0.125,5,410.99988900000005,6849.998150000001,342.49990750000006
Laminate_05_Defect_0_at_11_w_1.60,5,0,11,1.6,0.125,5,409.93175,6832.195833333333,341.60979166666664
Laminate_05_Defect_0_at_11_w_1.80,5,0,11,1.8,0.125,5,408.712136,6811.868933333333,340.5934466666667
Laminate_05_Defect_0_at_11_w_2.00,5,0,11,2.0,0.125,5,407.338388,6788.973133333334,339.4486566666667
Laminate_05_Defect_0_at_11_w_2.20,5,0,11,2.2,0.125,5,405.807721,6763.462016666667,338.17310083333336
Laminate_05_Defect_0_at_12_w_0.00,5,0,12,0.0,0.125,5,414.606192,6910.1032000000005,345.50516000000005
Laminate_05_Defect_0_at_12_w_0.20,5,0,12,0.2,0.125,5,414.379368,6906.3228,345.31614
Laminate_05_Defect_0_at_12_w_0.40,5,0,12,0.4,0.125,5,414.336982,6905.616366666666,345.28081833333334
Laminate_05_Defect_0_at_12_w_0.60,5,0,12,0.6000000000000001,0.125,5,414.378904,6906.315066666668,345.31575333333336
Laminate_05_Defect_0_at_12_w_0.80,5,0,12,0.8,0.125,5,414.491192,6908.1865333333335,345.4093266666667
Laminate_05_Defect_0_at_12_w_1.00,5,0,12,1.0,0.125,5,414.671898,6911.1983,345.559915
Laminate_05_Defect_0_at_12_w_1.20,5,0,12,1.2000000000000002,0.125,5,414.921589,6915.359816666667,345.76799083333333
Laminate_05_Defect_0_at_12_w_1.40,5,0,12,1.4,0.125,5,415.240243,6920.670716666667,346.03353583333336
Laminate_05_Defect_0_at_12_w_1.60,5,0,12,1.6,0.125,5,415.627069,6927.117816666667,346.3558908333334
Laminate_05_Defect_0_at_12_w_1.80,5,0,12,1.8,0.125,5,416.081998,6934.699966666667,346.7349983333333
Laminate_05_Defect_0_at_12_w_2.00,5,0,12,2.0,0.125,5,416.604082,6943.401366666667,347.17006833333335
Laminate_05_Defect_0_at_12_w_2.20,5,0,12,2.2,0.125,5,417.19287700000007,6953.214616666668,347.6607308333334
Laminate_05_Defect_0_at_13_w_0.00,5,0,13,0.0,0.125,5,414.606192,6910.1032000000005,345.50516000000005
Laminate_05_Defect_0_at_13_w_0.20,5,0,13,0.2,0.125,5,414.418763,6906.979383333332,345.3489691666666
Laminate_05_Defect_0_at_13_w_0.40,5,0,13,0.4,0.125,5,414.140012,6902.3335333333325,345.11667666666665
Laminate_05_Defect_0_at_13_w_0.60,5,0,13,0.6000000000000001,0.125,5,413.724682,6895.411366666667,344.77056833333336
Laminate_05_Defect_0_at_13_w_0.80,5,0,13,0.8,0.125,5,413.161912,6886.031866666666,344.3015933333333
Laminate_05_Defect_0_at_13_w_1.00,5,0,13,1.0,0.125,5,412.445413,6874.090216666667,343.70451083333336
Laminate_05_Defect_0_at_13_w_1.20,5,0,13,1.2000000000000002,0.125,5,411.568803,6859.48005,342.97400250000004
Laminate_05_Defect_0_at_13_w_1.40,5,0,13,1.4,0.125,5,410.526443,6842.107383333334,342.1053691666667
Laminate_05_Defect_0_at_13_w_1.60,5,0,13,1.6,0.125,5,409.313423,6821.8903833333325,341.09451916666666
Laminate_05_Defect_0_at_13_w_1.80,5,0,13,1.8,0.125,5,407.925099,6798.75165,339.9375825
Laminate_05_Defect_0_at_13_w_2.00,5,0,13,2.0,0.125,5,406.358421,6772.640350000001,338.6320175
Laminate_05_Defect_0_at_13_w_2.20,5,0,13,2.2,0.125,5,404.60929,6743.488166666667,337.17440833333336
Laminate_05_Defect_0_at_14_w_0.00,5,0,14,0.0,0.125,5,414.606192,6910.1032000000005,345.50516000000005
Laminate_05_Defect_0_at_14_w_0.20,5,0,14,0.2,0.125,5,414.415674,6906.9279,345.346395
Laminate_05_Defect_0_at_14_w_0.40,5,0,14,0.4,0.125,5,414.372159,6906.20265,345.3101325
Laminate_05_Defect_0_at_14_w_0.60,5,0,14,0.6000000000000001,0.125,5,414.385057,6906.417616666667,345.3208808333333
Laminate_05_Defect_0_at_14_w_0.80,5,0,14,0.8,0.125,5,414.455562,6907.5927,345.379635
Laminate_05_Defect_0_at_14_w_1.00,5,0,14,1.0,0.125,5,414.586543,6909.775716666667,345.48878583333334
Laminate_05_Defect_0_at_14_w_1.20,5,0,14,1.2000000000000002,0.125,5,414.777277,6912.954616666666,345.6477308333333
Laminate_05_Defect_0_at_14_w_1.40,5,0,14,1.4,0.125,5,415.025652,6917.0942,345.85471
Laminate_05_Defect_0_at_14_w_1.60,5,0,14,1.6,0.125,5,415.329889,6922.164816666666,346.1082408333333
Laminate_05_Defect_0_at_14_w_1.80,5,0,14,1.8,0.125,5,415.687785,6928.12975,346.4064875
Laminate_05_Defect_0_at_14_w_2.00,5,0,14,2.0,0.125,5,416.09869900000007,6934.978316666668,346.7489158333334
Laminate_05_Defect_0_at_14_w_2.20,5,0,14,2.2,0.125,5,416.5613100000001,6942.688500000001,347.1344250000001
Laminate_05_Defect_0_at_15_w_0.00,5,0,15,0.0,0.125,5,414.606192,6910.1032000000005,345.50516000000005
Laminate_05_Defect_0_at_15_w_0.20,5,0,15,0.2,0.125,5,414.480294,6908.004900000001,345.40024500000004
Laminate_05_Defect_0_at_15_w_0.40,5,0,15,0.4,0.125,5,414.202457,6903.374283333334,345.1687141666667
Laminate_05_Defect_0_at_15_w_0.60,5,0,15,0.6000000000000001,0.125,5,413.725584,6895.4264,344.77132000000006
Laminate_05_Defect_0_at_15_w_0.80,5,0,15,0.8,0.125,5,413.028328,6883.805466666668,344.1902733333334
Laminate_05_Defect_0_at_15_w_1.00,5,0,15,1.0,0.125,5,412.089199,6868.153316666667,343.40766583333334
Laminate_05_Defect_0_at_15_w_1.20,5,0,15,1.2000000000000002,0.125,5,410.889537,6848.158950000001,342.40794750000003
Laminate_05_Defect_0_at_15_w_1.40,5,0,15,1.4,0.125,5,409.412089,6823.534816666666,341.1767408333333
Laminate_05_Defect_0_at_15_w_1.60,5,0,15,1.6,0.125,5,407.63964,6793.994000000001,339.69970000000006
Laminate_05_Defect_0_at_15_w_1.80,5,0,15,1.8,0.125,5,405.556584,6759.2764,337.96382
Laminate_05_Defect_0_at_15_w_2.00,5,0,15,2.0,0.125,5,403.146872,6719.114533333334,335.9557266666667
Laminate_05_Defect_0_at_15_w_2.20,5,0,15,2.2,0.125,5,400.389724,6673.162066666667,333.6581033333334
Laminate_06_Defect_0_at_02_w_0.00,6,0,2,0.0,0.125,5,242.50163200000003,4041.6938666666674,202.0846933333333
Laminate_06_Defect_0_at_02_w_0.20,6,0,2,0.2,0.125,5,242.377505,4039.625083333334,201.98125416666667
Laminate_06_Defect_0_at_02_w_0.40,6,0,2,0.4,0.125,5,242.134798,4035.579966666666,201.77899833333333
Laminate_06_Defect_0_at_02_w_0.60,6,0,2,0.6000000000000001,0.125,5,241.729312,4028.821866666666,201.44109333333333
Laminate_06_Defect_0_at_02_w_0.80,6,0,2,0.8,0.125,5,241.14259600000003,4019.043266666667,200.95216333333337
Laminate_06_Defect_0_at_02_w_1.00,6,0,2,1.0,0.125,5,240.359453,4005.990883333333,200.29954416666664
Laminate_06_Defect_0_at_02_w_1.20,6,0,2,1.2000000000000002,0.125,5,239.36273,3989.3788333333337,199.46894166666667
Laminate_06_Defect_0_at_02_w_1.40,6,0,2,1.4,0.125,5,238.131892,3968.8648666666672,198.44324333333336
Laminate_06_Defect_0_at_02_w_1.60,6,0,2,1.6,0.125,5,236.643391,3944.056516666667,197.2028258333333
Laminate_06_Defect_0_at_02_w_1.80,6,0,2,1.8,0.125,5,234.867501,3914.45835,195.7229175
Laminate_06_Defect_0_at_02_w_2.00,6,0,2,2.0,0.125,5,232.767394,3879.456566666666,193.97282833333333
Laminate_06_Defect_0_at_02_w_2.20,6,0,2,2.2,0.125,5,230.292397,3838.206616666667,191.9103308333333
Laminate_06_Defect_0_at_03_w_0.00,6,0,3,0.0,0.125,5,242.50163200000003,4041.6938666666674,202.0846933333333
Laminate_06_Defect_0_at_03_w_0.20,6,0,3,0.2,0.125,5,242.484345,4041.40575,202.0702875
Laminate_06_Defect_0_at_03_w_0.40,6,0,3,0.4,0.125,5,242.50225,4041.7041666666655,202.08520833333333
Laminate_06_Defect_0_at_03_w_0.60,6,0,3,0.6000000000000001,0.125,5,242.542256,4042.370933333333,202.11854666666665
Laminate_06_Defect_0_at_03_w_0.80,6,0,3,0.8,0.125,5,242.601485,4043.358083333333,202.16790416666663
Laminate_06_Defect_0_at_03_w_1.00,6,0,3,1.0,0.125,5,242.678339,4044.638983333333,202.23194916666668
Laminate_06_Defect_0_at_03_w_1.20,6,0,3,1.2000000000000002,0.125,5,242.77313400000003,4046.2189000000008,202.31094500000003
Laminate_06_Defect_0_at_03_w_1.40,6,0,3,1.4,0.125,5,242.884993,4048.0832166666655,202.4041608333333
Laminate_06_Defect_0_at_03_w_1.60,6,0,3,1.6,0.125,5,243.014948,4050.2491333333337,202.51245666666668
Laminate_06_Defect_0_at_03_w_1.80,6,0,3,1.8,0.125,5,243.161809,4052.6968166666666,202.63484083333333
Laminate_06_Defect_0_at_03_w_2.00,6,0,3,2.0,0.125,5,243.326507,4055.441783333333,202.77208916666663
Laminate_06_Defect_0_at_03_w_2.20,6,0,3,2.2,0.125,5,243.508447,4058.4741166666654,202.9237058333333
Laminate_06_Defect_0_at_04_w_0.00,6,0,4,0.0,0.125,5,242.50163200000003,4041.6938666666674,202.0846933333333
Laminate_06_Defect_0_at_04_w_0.20,6,0,4,0.2,0.125,5,242.441376,4040.6896,202.03448
Laminate_06_Defect_0_at_04_w_0.40,6,0,4,0.4,0.125,5,242.466746,4041.112433333333,202.05562166666664
Laminate_06_Defect_0_at_04_w_0.60,6,0,4,0.6000000000000001,0.125,5,242.542954,4042.382566666667,202.1191283333333
Laminate_06_Defect_0_at_04_w_0.80,6,0,4,0.8,0.125,5,242.659544,4044.3257333333336,202.2162866666667
Laminate_06_Defect_0_at_04_w_1.00,6,0,4,1.0,0.125,5,242.81279,4046.879833333333,202.34399166666668
Laminate_06_Defect_0_at_04_w_1.20,6,0,4,1.2000000000000002,0.125,5,243.001769,4050.029483333333,202.50147416666667
Laminate_06_Defect_0_at_04_w_1.40,6,0,4,1.4,0.125,5,243.22551200000004,4053.758533333334,202.6879266666667
Laminate_06_Defect_0_at_04_w_1.60,6,0,4,1.6,0.125,5,243.484159,4058.069316666667,202.9034658333333
Laminate_06_Defect_0_at_04_w_1.80,6,0,4,1.8,0.125,5,243.77756800000003,4062.959466666667,203.14797333333337
Laminate_06_Defect_0_at_04_w_2.00,6,0,4,2.0,0.125,5,244.106141,4068.435683333333,203.42178416666667
Laminate_06_Defect_0_at_04_w_2.20,6,0,4,2.2,0.125,5,244.469235,4074.48725,203.7243625
Laminate_06_Defect_0_at_05_w_0.00,6,0,5,0.0,0.125,5,242.50163200000003,4041.6938666666674,202.0846933333333
Laminate_06_Defect_0_at_05_w_0.20,6,0,5,0.2,0.125,5,242.292112,4038.201866666667,201.9100933333333
Laminate_06_Defect_0_at_05_w_0.40,6,0,5,0.4,0.125,5,242.275201,4037.920016666667,201.8960008333333
Laminate_06_Defect_0_at_05_w_0.60,6,0,5,0.6000000000000001,0.125,5,242.353115,4039.218583333333,201.9609291666667
Laminate_06_Defect_0_at_05_w_0.80,6,0,5,0.8,0.125,5,242.494353,4041.57255,202.0786275
Laminate_06_Defect_0_at_05_w_1.00,6,0,5,1.0,0.125,5,242.68921800000004,4044.8203000000008,202.24101500000003
Laminate_06_Defect_0_at_05_w_1.20,6,0,5,1.2000000000000002,0.125,5,242.933574,4048.8929,202.444645
Laminate_06_Defect_0_at_05_w_1.40,6,0,5,1.4,0.125,5,243.226607,4053.776783333333,202.68883916666664
Laminate_06_Defect_0_at_05_w_1.60,6,0,5,1.6,0.125,5,243.567729,4059.46215,202.9731075
Laminate_06_Defect_0_at_05_w_1.80,6,0,5,1.8,0.125,5,243.95619,4065.9365000000007,203.296825
Laminate_06_Defect_0_at_05_w_2.00,6,0,5,2.0,0.125,5,244.392883,4073.214716666667,203.6607358333333
Laminate_06_Defect_0_at_05_w_2.20,6,0,5,2.2,0.125,5,244.877278,4081.2879666666654,204.0643983333333
Laminate_06_Defect_0_at_06_w_0.00,6,0,6,0.0,0.125,5,242.50163200000003,4041.6938666666674,202.0846933333333
Laminate_06_Defect_0_at_06_w_0.20,6,0,6,0.2,0.125,5,242.381703,4039.69505,201.9847525
Laminate_06_Defect_0_at_06_w_0.40,6,0,6,0.4,0.125,5,242.138206,4035.636766666667,201.78183833333333
Laminate_06_Defect_0_at_06_w_0.60,6,0,6,0.6000000000000001,0.125,5,241.730197,4028.836616666667,201.4418308333333
Laminate_06_Defect_0_at_06_w_0.80,6,0,6,0.8,0.125,5,241.137017,4018.950283333333,200.94751416666665
Laminate_06_Defect_0_at_06_w_1.00,6,0,6,1.0,0.125,5,240.344295,4005.73825,200.28691250000003
Laminate_06_Defect_0_at_06_w_1.20,6,0,6,1.2000000000000002,0.125,5,239.338908,3988.9818,199.44909
Laminate_06_Defect_0_at_06_w_1.40,6,0,6,1.4,0.125,5,238.11009,3968.5015,198.425075
Laminate_06_Defect_0_at_06_w_1.60,6,0,6,1.6,0.125,5,236.646281,3944.1046833333335,197.20523416666663
Laminate_06_Defect_0_at_06_w_1.80,6,0,6,1.8,0.125,5,234.937273,3915.6212166666655,195.78106083333333
Laminate_06_Defect_0_at_06_w_2.00,6,0,6,2.0,0.125,5,232.970836,3882.847266666666,194.1423633333333
Laminate_06_Defect_0_at_06_w_2.20,6,0,6,2.2,0.125,5,230.731305,3845.52175,192.2760875
Laminate_06_Defect_0_at_07_w_0.00,6,0,7,0.0,0.125,5,242.50163200000003,4041.6938666666674,202.0846933333333
Laminate_06_Defect_0_at_07_w_0.20,6,0,7,0.2,0.125,5,242.497677,4041.627950000001,202.0813975
Laminate_06_Defect_0_at_07_w_0.40,6,0,7,0.4,0.125,5,242.508777,4041.812950000001,202.0906475
Laminate_06_Defect_0_at_07_w_0.60,6,0,7,0.6000000000000001,0.125,5,242.530515,4042.17525,202.1087625
Laminate_06_Defect_0_at_07_w_0.80,6,0,7,0.8,0.125,5,242.561896,4042.6982666666654,202.1349133333333
Laminate_06_Defect_0_at_07_w_1.00,6,0,7,1.0,0.125,5,242.602306,4043.371766666666,202.16858833333333
Laminate_06_Defect_0_at_07_w_1.20,6,0,7,1.2000000000000002,0.125,5,242.652088,4044.2014666666673,202.21007333333336
Laminate_06_Defect_0_at_07_w_1.40,6,0,7,1.4,0.125,5,242.710615,4045.1769166666672,202.25884583333337
Laminate_06_Defect_0_at_07_w_1.60,6,0,7,1.6,0.125,5,242.778393,4046.30655,202.3153275
Laminate_06_Defect_0_at_07_w_1.80,6,0,7,1.8,0.125,5,242.855508,4047.5918000000006,202.37959
Laminate_06_Defect_0_at_07_w_2.00,6,0,7,2.0,0.125,5,242.941398,4049.0233,202.451165
Laminate_06_Defect_0_at_07_w_2.20,6,0,7,2.2,0.125,5,243.036764,4050.612733333333,202.53063666666668
Laminate_06_Defect_0_at_08_w_0.00,6,0,8,0.0,0.125,5,242.50163200000003,4041.6938666666674,202.0846933333333
Laminate_06_Defect_0_at_08_w_0.20,6,0,8,0.2,0.125,5,242.486396,4041.4399333333336,202.07199666666668
Laminate_06_Defect_0_at_08_w_0.40,6,0,8,0.4,0.125,5,242.511045,4041.850750000001,202.0925375
Laminate_06_Defect_0_at_08_w_0.60,6,0,8,0.6000000000000001,0.125,5,242.562257,4042.7042833333335,202.13521416666663
Laminate_06_Defect_0_at_08_w_0.80,6,0,8,0.8,0.125,5,242.637529,4043.958816666666,202.1979408333333
Laminate_06_Defect_0_at_08_w_1.00,6,0,8,1.0,0.125,5,242.735105,4045.585083333333,202.27925416666668
Laminate_06_Defect_0_at_08_w_1.20,6,0,8,1.2000000000000002,0.125,5,242.854776,4047.5796,202.37898
Laminate_06_Defect_0_at_08_w_1.40,6,0,8,1.4,0.125,5,242.996461,4049.941016666666,202.49705083333333
Laminate_06_Defect_0_at_08_w_1.60,6,0,8,1.6,0.125,5,243.160499,4052.674983333333,202.63374916666663
Laminate_06_Defect_0_at_08_w_1.80,6,0,8,1.8,0.125,5,243.346454,4055.7742333333335,202.78871166666667
Laminate_06_Defect_0_at_08_w_2.00,6,0,8,2.0,0.125,5,243.554763,4059.24605,202.9623025
Laminate_06_Defect_0_at_08_w_2.20,6,0,8,2.2,0.125,5,243.784925,4063.082083333333,203.15410416666663
Laminate_06_Defect_0_at_09_w_0.00,6,0,9,0.0,0.125,5,242.50163200000003,4041.6938666666674,202.0846933333333
Laminate_06_Defect_0_at_09_w_0.20,6,0,9,0.2,0.125,5,242.44139,4040.689833333333,202.03449166666667
Laminate_06_Defect_0_at_09_w_0.40,6,0,9,0.4,0.125,5,242.467909,4041.131816666667,202.05659083333336
Laminate_06_Defect_0_at_09_w_0.60,6,0,9,0.6000000000000001,0.125,5,242.54603200000005,4042.433866666667,202.12169333333333
Laminate_06_Defect_0_at_09_w_0.80,6,0,9,0.8,0.125,5,242.665029,4044.41715,202.2208575
Laminate_06_Defect_0_at_09_w_1.00,6,0,9,1.0,0.125,5,242.82192800000004,4047.032133333334,202.3516066666667
Laminate_06_Defect_0_at_09_w_1.20,6,0,9,1.2000000000000002,0.125,5,243.015335,4050.2555833333336,202.51277916666663
Laminate_06_Defect_0_at_09_w_1.40,6,0,9,1.4,0.125,5,243.245131,4054.0855166666665,202.70427583333333
Laminate_06_Defect_0_at_09_w_1.60,6,0,9,1.6,0.125,5,243.511785,4058.52975,202.9264875
Laminate_06_Defect_0_at_09_w_1.80,6,0,9,1.8,0.125,5,243.814355,4063.5725833333336,203.17862916666667
Laminate_06_Defect_0_at_09_w_2.00,6,0,9,2.0,0.125,5,244.154136,4069.2356,203.46178
Laminate_06_Defect_0_at_09_w_2.20,6,0,9,2.2,0.125,5,244.530826,4075.5137666666665,203.7756883333333
Laminate_06_Defect_0_at_10_w_0.00,6,0,10,0.0,0.125,5,242.50163200000003,4041.6938666666674,202.0846933333333
Laminate_06_Defect_0_at_10_w_0.20,6,0,10,0.2,0.125,5,242.291447,4038.1907833333335,201.9095391666667
Laminate_06_Defect_0_at_10_w_0.40,6,0,10,0.4,0.125,5,242.276984,4037.949733333333,201.89748666666668
Laminate_06_Defect_0_at_10_w_0.60,6,0,10,0.6000000000000001,0.125,5,242.357364,4039.2894,201.96447
Laminate_06_Defect_0_at_10_w_0.80,6,0,10,0.8,0.125,5,242.501686,4041.6947666666665,202.0847383333333
Laminate_06_Defect_0_at_10_w_1.00,6,0,10,1.0,0.125,5,242.700407,4045.006783333333,202.25033916666663
Laminate_06_Defect_0_at_10_w_1.20,6,0,10,1.2000000000000002,0.125,5,242.950215,4049.1702500000006,202.4585125
Laminate_06_Defect_0_at_10_w_1.40,6,0,10,1.4,0.125,5,243.250602,4054.1767,202.708835
Laminate_06_Defect_0_at_10_w_1.60,6,0,10,1.6,0.125,5,243.601194,4060.0198999999993,203.000995
Laminate_06_Defect_0_at_10_w_1.80,6,0,10,1.8,0.125,5,244.002808,4066.7134666666666,203.3356733333333
Laminate_06_Defect_0_at_10_w_2.00,6,0,10,2.0,0.125,5,244.45510400000003,4074.251733333334,203.7125866666667
Laminate_06_Defect_0_at_10_w_2.20,6,0,10,2.2,0.125,5,244.958954,4082.6492333333335,204.13246166666667
Laminate_06_Defect_0_at_11_w_0.00,6,0,11,0.0,0.125,5,242.50163200000003,4041.6938666666674,202.0846933333333
Laminate_06_Defect_0_at_11_w_0.20,6,0,11,0.2,0.125,5,242.377533,4039.62555,201.9812775
Laminate_06_Defect_0_at_11_w_0.40,6,0,11,0.4,0.125,5,242.13642600000003,4035.6071000000006,201.78035500000004
Laminate_06_Defect_0_at_11_w_0.60,6,0,11,0.6000000000000001,0.125,5,241.735674,4028.9279,201.446395
Laminate_06_Defect_0_at_11_w_0.80,6,0,11,0.8,0.125,5,241.156397,4019.273283333333,200.96366416666663
Laminate_06_Defect_0_at_11_w_1.00,6,0,11,1.0,0.125,5,240.384652,4006.4108666666666,200.3205433333333
Laminate_06_Defect_0_at_11_w_1.20,6,0,11,1.2000000000000002,0.125,5,239.408452,3990.140866666667,199.5070433333333
Laminate_06_Defect_0_at_11_w_1.40,6,0,11,1.4,0.125,5,238.215718,3970.261966666667,198.5130983333333
Laminate_06_Defect_0_at_11_w_1.60,6,0,11,1.6,0.125,5,236.795421,3946.59035,197.3295175
Laminate_06_Defect_0_at_11_w_1.80,6,0,11,1.8,0.125,5,235.135589,3918.9264833333336,195.94632416666667
Laminate_06_Defect_0_at_11_w_2.00,6,0,11,2.0,0.125,5,233.22355,3887.0591666666655,194.35295833333333
Laminate_06_Defect_0_at_11_w_2.20,6,0,11,2.2,0.125,5,231.042956,3850.715933333333,192.53579666666667
Laminate_06_Defect_0_at_12_w_0.00,6,0,12,0.0,0.125,5,242.50163200000003,4041.6938666666674,202.0846933333333
Laminate_06_Defect_0_at_12_w_0.20,6,0,12,0.2,0.125,5,242.482441,4041.374016666666,202.0687008333333
Laminate_06_Defect_0_at_12_w_0.40,6,0,12,0.4,0.125,5,242.492285,4041.538083333334,202.07690416666668
Laminate_06_Defect_0_at_12_w_0.60,6,0,12,0.6000000000000001,0.125,5,242.519078,4041.984633333333,202.09923166666667
Laminate_06_Defect_0_at_12_w_0.80,6,0,12,0.8,0.125,5,242.563026,4042.7171,202.135855
Laminate_06_Defect_0_at_12_w_1.00,6,0,12,1.0,0.125,5,242.623544,4043.7257333333337,202.1862866666667
Laminate_06_Defect_0_at_12_w_1.20,6,0,12,1.2000000000000002,0.125,5,242.70025500000003,4045.00425,202.25021250000003
Laminate_06_Defect_0_at_12_w_1.40,6,0,12,1.4,0.125,5,242.793415,4046.5569166666655,202.32784583333333
Laminate_06_Defect_0_at_12_w_1.60,6,0,12,1.6,0.125,5,242.902291,4048.371516666667,202.41857583333336
Laminate_06_Defect_0_at_12_w_1.80,6,0,12,1.8,0.125,5,243.026882,4050.4480333333336,202.52240166666667
Laminate_06_Defect_0_at_12_w_2.00,6,0,12,2.0,0.125,5,243.166703,4052.778383333333,202.63891916666665
Laminate_06_Defect_0_at_12_w_2.20,6,0,12,2.2,0.125,5,243.322046,4055.367433333333,202.76837166666667
Laminate_06_Defect_0_at_13_w_0.00,6,0,13,0.0,0.125,5,242.50163200000003,4041.6938666666674,202.0846933333333
Laminate_06_Defect_0_at_13_w_0.20,6,0,13,0.2,0.125,5,242.43773,4040.628833333333,202.03144166666667
Laminate_06_Defect_0_at_13_w_0.40,6,0,13,0.4,0.125,5,242.444443,4040.740716666666,202.0370358333333
Laminate_06_Defect_0_at_13_w_0.60,6,0,13,0.6000000000000001,0.125,5,242.490414,4041.5069,202.07534500000003
Laminate_06_Defect_0_at_13_w_0.80,6,0,13,0.8,0.125,5,242.57344,4042.890666666666,202.14453333333336
Laminate_06_Defect_0_at_13_w_1.00,6,0,13,1.0,0.125,5,242.693418,4044.890300000001,202.244515
Laminate_06_Defect_0_at_13_w_1.20,6,0,13,1.2000000000000002,0.125,5,242.849933,4047.498883333333,202.3749441666667
Laminate_06_Defect_0_at_13_w_1.40,6,0,13,1.4,0.125,5,243.041679,4050.69465,202.5347325
Laminate_06_Defect_0_at_13_w_1.60,6,0,13,1.6,0.125,5,243.267226,4054.453766666667,202.72268833333337
Laminate_06_Defect_0_at_13_w_1.80,6,0,13,1.8,0.125,5,243.526599,4058.77665,202.9388325
Laminate_06_Defect_0_at_13_w_2.00,6,0,13,2.0,0.125,5,243.818756,4063.645933333333,203.18229666666664
Laminate_06_Defect_0_at_13_w_2.20,6,0,13,2.2,0.125,5,244.143728,4069.062133333334,203.45310666666668
Laminate_06_Defect_0_at_14_w_0.00,6,0,14,0.0,0.125,5,242.50163200000003,4041.6938666666674,202.0846933333333
Laminate_06_Defect_0_at_14_w_0.20,6,0,14,0.2,0.125,5,242.28477,4038.0795,201.903975
Laminate_06_Defect_0_at_14_w_0.40,6,0,14,0.4,0.125,5,242.22252200000003,4037.042033333334,201.8521016666667
Laminate_06_Defect_0_at_14_w_0.60,6,0,14,0.6000000000000001,0.125,5,242.223626,4037.0604333333335,201.85302166666668
Laminate_06_Defect_0_at_14_w_0.80,6,0,14,0.8,0.125,5,242.282449,4038.040816666666,201.9020408333333
Laminate_06_Defect_0_at_14_w_1.00,6,0,14,1.0,0.125,5,242.399601,4039.99335,201.9996675
Laminate_06_Defect_0_at_14_w_1.20,6,0,14,1.2000000000000002,0.125,5,242.572959,4042.88265,202.1441325
Laminate_06_Defect_0_at_14_w_1.40,6,0,14,1.4,0.125,5,242.799885,4046.66475,202.3332375
Laminate_06_Defect_0_at_14_w_1.60,6,0,14,1.6,0.125,5,243.07778800000003,4051.296466666667,202.5648233333333
Laminate_06_Defect_0_at_14_w_1.80,6,0,14,1.8,0.125,5,243.404537,4056.7422833333335,202.83711416666668
Laminate_06_Defect_0_at_14_w_2.00,6,0,14,2.0,0.125,5,243.778922,4062.982033333333,203.14910166666667
Laminate_06_Defect_0_at_14_w_2.20,6,0,14,2.2,0.125,5,244.199728,4069.995466666667,203.49977333333337
Laminate_06_Defect_0_at_15_w_0.00,6,0,15,0.0,0.125,5,242.50163200000003,4041.6938666666674,202.0846933333333
Laminate_06_Defect_0_at_15_w_0.20,6,0,15,0.2,0.125,5,242.374926,4039.582100000001,201.97910500000003
Laminate_06_Defect_0_at_15_w_0.40,6,0,15,0.4,0.125,5,242.094141,4034.90235,201.7451175
Laminate_06_Defect_0_at_15_w_0.60,6,0,15,0.6000000000000001,0.125,5,241.61527,4026.9211666666665,201.34605833333333
Laminate_06_Defect_0_at_15_w_0.80,6,0,15,0.8,0.125,5,240.915096,4015.2516,200.76258
Laminate_06_Defect_0_at_15_w_1.00,6,0,15,1.0,0.125,5,239.96991,3999.4985,199.974925
Laminate_06_Defect_0_at_15_w_1.20,6,0,15,1.2000000000000002,0.125,5,238.75536700000004,3979.2561166666674,198.96280583333336
Laminate_06_Defect_0_at_15_w_1.40,6,0,15,1.4,0.125,5,237.247038,3954.1173,197.705865
Laminate_06_Defect_0_at_15_w_1.60,6,0,15,1.6,0.125,5,235.419983,3923.6663833333337,196.18331916666668
Laminate_06_Defect_0_at_15_w_1.80,6,0,15,1.8,0.125,5,233.246581,3887.4430166666666,194.3721508333333
Laminate_06_Defect_0_at_15_w_2.00,6,0,15,2.0,0.125,5,230.697154,3844.952566666667,192.24762833333332
Laminate_06_Defect_0_at_15_w_2.20,6,0,15,2.2,0.125,5,227.733041,3795.5506833333334,189.77753416666667
